job_id,record_id,parent_record_id,content_type,json_path,field_name,source_ko,existing_en,suggested_en,status,needs_review,review_reason,source_hash,approved
portfolio-en-20260806T140416Z,5b66edd5-b78a-4c01-becb-b0ac395727c2,5b66edd5-b78a-4c01-becb-b0ac395727c2,artist,name_en,name,태희김,,Kim Taehee,translated,true,proper_name_or_title,06a07b4492eb328195878b939f4a95626aa4ea6b768e16b82c82e425ff18d00e,false
portfolio-en-20260806T140416Z,4fdae6cc-e630-4ebf-8d08-7a8aaef6d233,4fdae6cc-e630-4ebf-8d08-7a8aaef6d233,artist,name_en,name,곰시선,,Gom Siseon,translated,true,proper_name_or_title,cd191399fb456a334ddbbfbbef93aff745e9b5bc688c7acbda61a17b13a7de1d,false
portfolio-en-20260806T140416Z,638c3bb4-6c39-4f9e-9e06-8e2783bbd814,638c3bb4-6c39-4f9e-9e06-8e2783bbd814,artist,name_en,name,최지안,,Choi Jian,translated,true,proper_name_or_title,4e20e41fed40c5ded8b8e80a65d5f47ae150511913e7bf264b91d21a102545ff,false
portfolio-en-20260806T140416Z,638c3bb4-6c39-4f9e-9e06-8e2783bbd814,638c3bb4-6c39-4f9e-9e06-8e2783bbd814,artist,introduction_en,bio_short,최지안 작가의 공식 POPOK 디지털 명함 카드 페이지입니다.,,This is the official POPOK digital business card page of artist Choi Jian.,translated,true,mixed_language,747a5c905c79c4becee9141a5728ead114f392301f191307105061ec3bf6cff0,false
portfolio-en-20260806T140416Z,638c3bb4-6c39-4f9e-9e06-8e2783bbd814:works:1,638c3bb4-6c39-4f9e-9e06-8e2783bbd814,artist_work,works[1].title_en,title,공식 모션 프로필,,Official Motion Profile,translated,true,proper_name_or_title,f7ce27baa9bdeb913fc1fd227a176329c667c2207bec0898f17b1b40c0829baf,false
portfolio-en-20260806T140416Z,638c3bb4-6c39-4f9e-9e06-8e2783bbd814:works:1,638c3bb4-6c39-4f9e-9e06-8e2783bbd814,artist_work,works[1].description_en,description,POPOK 등록 모션 프로필 비디오 및 이미지 아카이브,,POPOK registered motion profile video and image archive,translated,true,proper_name_or_title;mixed_language,2e5d829c3f5531d0ca23607ff1b6da3fe227ff044cd2a589b6ebba42991ed6e4,false
portfolio-en-20260806T140416Z,638c3bb4-6c39-4f9e-9e06-8e2783bbd814:works:1,638c3bb4-6c39-4f9e-9e06-8e2783bbd814,artist_work,works[1].role_en,role,아티스트,,Artist,translated,true,proper_name_or_title,59e4694e19641f67b4ae2cffb19a7f0195fda1b676a53737dc573c05bcb02399,false
portfolio-en-20260806T140416Z,7fb90338-2d50-40f4-92d7-ac92202f123f,7fb90338-2d50-40f4-92d7-ac92202f123f,artist,introduction_en,bio_short,AI 정리 테스트로 검수된 짧은 소개입니다.,,This is a short introduction verified by AI organization test.,translated,true,mixed_language,6f2a0f23001c41813e19c4dd7b4f8ba593fc7a0c6783efcbb9abbc6d37d771ed,false
portfolio-en-20260806T140416Z,7fb90338-2d50-40f4-92d7-ac92202f123f:works:0,7fb90338-2d50-40f4-92d7-ac92202f123f,artist_work,works[0].title_en,title,테스트 공연,,Test Performance,translated,true,proper_name_or_title,71801f79f99a785ba080bfea0249c85e7217096f5335e91836619a497eaa546a,false
portfolio-en-20260806T140416Z,7fb90338-2d50-40f4-92d7-ac92202f123f:works:0,7fb90338-2d50-40f4-92d7-ac92202f123f,artist_work,works[0].description_en,description,검수 테스트용 작품입니다.,,This is a work for verification testing.,translated,true,proper_name_or_title,3972a8888e28c8db25866e324659859f57b886a7499a5a2a4096b83be8f758aa,false
portfolio-en-20260806T140416Z,7fb90338-2d50-40f4-92d7-ac92202f123f:works:0,7fb90338-2d50-40f4-92d7-ac92202f123f,artist_work,works[0].role_en,role,안무가,,Choreographer,translated,true,proper_name_or_title;glossary_reused,eaf04bafd0e158434288fcf607da8311e221a21714e69d49c96550e43d198798,false
portfolio-en-20260806T140416Z,7fb90338-2d50-40f4-92d7-ac92202f123f:works:1,7fb90338-2d50-40f4-92d7-ac92202f123f,artist_work,works[1].title_en,title,공식 모션 프로필,,Official Motion Profile,translated,true,proper_name_or_title,f7ce27baa9bdeb913fc1fd227a176329c667c2207bec0898f17b1b40c0829baf,false
portfolio-en-20260806T140416Z,7fb90338-2d50-40f4-92d7-ac92202f123f:works:1,7fb90338-2d50-40f4-92d7-ac92202f123f,artist_work,works[1].description_en,description,POPOK 등록 모션 프로필 비디오 및 이미지 아카이브,,POPOK registered motion profile video and image archive,translated,true,proper_name_or_title;mixed_language,2e5d829c3f5531d0ca23607ff1b6da3fe227ff044cd2a589b6ebba42991ed6e4,false
portfolio-en-20260806T140416Z,7fb90338-2d50-40f4-92d7-ac92202f123f:works:1,7fb90338-2d50-40f4-92d7-ac92202f123f,artist_work,works[1].role_en,role,아티스트,,Artist,translated,true,proper_name_or_title,59e4694e19641f67b4ae2cffb19a7f0195fda1b676a53737dc573c05bcb02399,false
portfolio-en-20260806T140416Z,7fb90338-2d50-40f4-92d7-ac92202f123f:affiliations:0,7fb90338-2d50-40f4-92d7-ac92202f123f,artist_affiliations,affiliations[0].title_en,position,단원,,Company Member,translated,true,abnormal_length_ratio,4c3353ddd37b00ef7d01622bb95e79bf6a27548325b1a41f8a1b4de082af3844,false
portfolio-en-20260806T140416Z,7fb90338-2d50-40f4-92d7-ac92202f123f:current_activity:0,7fb90338-2d50-40f4-92d7-ac92202f123f:current_activity:0,artist_current_activity,current_activity_en[0],current_activity,POPOK 테스트 활동 중,,Currently active in POPOK test activities,translated,true,mixed_language,a1e6b2c64dbc65cc6fad6094afd83836d39d0585a69a01ce3e6818db70ac3bcb,false
portfolio-en-20260806T140416Z,7fb90338-2d50-40f4-92d7-ac92202f123f:education:0,7fb90338-2d50-40f4-92d7-ac92202f123f:education:0,artist_education,education_en[0],education,POPOK 무용학교 졸업,,Graduated from POPOK Dance School,translated,true,mixed_language,bef7f0fac2739b3b6f454998765f8857872d7b82af578d716abf76c07cd1533d,false
portfolio-en-20260806T140416Z,e5b924f8-ad4b-464c-82c4-2649df904549,e5b924f8-ad4b-464c-82c4-2649df904549,artist,name_en,name,윤경근,,Yoon Kyunggeun,translated,true,proper_name_or_title;abnormal_length_ratio,5282bdef104670c0630b7e857f40e6b1072746506bdeb23c92ac439eeb626825,false
portfolio-en-20260806T140416Z,e5b924f8-ad4b-464c-82c4-2649df904549:works:0,e5b924f8-ad4b-464c-82c4-2649df904549,artist_work,works[0].title_en,title,<식탁>,,<Dining Table>,translated,true,proper_name_or_title,0f12f3e43ffa447e50fc3319046c1a8de27eda97122cdc2f2954a4ffdeb17b30,false
portfolio-en-20260806T140416Z,e5b924f8-ad4b-464c-82c4-2649df904549:works:0,e5b924f8-ad4b-464c-82c4-2649df904549,artist_work,works[0].role_en,role,안무,,Choreography,translated,true,proper_name_or_title;glossary_reused,fc760bfe9674222e793f49c638407f25fd5f3c2d2a182e9473fffc182c2eca08,false
portfolio-en-20260806T140416Z,e5b924f8-ad4b-464c-82c4-2649df904549:works:0:credits:0,e5b924f8-ad4b-464c-82c4-2649df904549,artist_work_credit,works[0].credits[0].role_en,role,안무/역할,,Choreography/Role,translated,true,proper_name_or_title,70ee303860325afba468e626f4083748ee630d4d45072bd85f7d296db5dae115,false
portfolio-en-20260806T140416Z,e5b924f8-ad4b-464c-82c4-2649df904549:works:1,e5b924f8-ad4b-464c-82c4-2649df904549,artist_work,works[1].title_en,title,ODD BODY 시리즈 – <나무>,,ODD BODY Series – <Tree>,translated,true,proper_name_or_title;mixed_language,f4cdb6c09e49526598ce27fe29b70bb303268438867736413ebccf76f723871b,false
portfolio-en-20260806T140416Z,e5b924f8-ad4b-464c-82c4-2649df904549:works:1,e5b924f8-ad4b-464c-82c4-2649df904549,artist_work,works[1].description_en,description,"서울역 광장 미디어캔버스에 송출된 작품으로, '서울로 미디어 캔버스 네이쳐 프로젝트'에 당선되었습니다.",,This work was broadcast on the Seoul Station Plaza Media Canvas and was selected for the 'Seoullo Media Canvas Nature Project'.,translated,true,proper_name_or_title,4e52ff2506ca3bdaeecb334bf93dedfdb4980a6010d938b05724149dfbd318c2,false
portfolio-en-20260806T140416Z,e5b924f8-ad4b-464c-82c4-2649df904549:works:2,e5b924f8-ad4b-464c-82c4-2649df904549,artist_work,works[2].title_en,title,<모서리>,,<Moseori>,translated,true,proper_name_or_title,3578a819fc757d9f991e4d924e8b0cdd93698f02fe65773fc3a406bdaabdc49f,false
portfolio-en-20260806T140416Z,e5b924f8-ad4b-464c-82c4-2649df904549:works:2,e5b924f8-ad4b-464c-82c4-2649df904549,artist_work,works[2].role_en,role,안무,,Choreography,translated,true,proper_name_or_title;glossary_reused,fc760bfe9674222e793f49c638407f25fd5f3c2d2a182e9473fffc182c2eca08,false
portfolio-en-20260806T140416Z,e5b924f8-ad4b-464c-82c4-2649df904549:works:2:credits:0,e5b924f8-ad4b-464c-82c4-2649df904549,artist_work_credit,works[2].credits[0].role_en,role,안무/역할,,Choreography/Role,translated,true,proper_name_or_title,70ee303860325afba468e626f4083748ee630d4d45072bd85f7d296db5dae115,false
portfolio-en-20260806T140416Z,e5b924f8-ad4b-464c-82c4-2649df904549:affiliations:0,e5b924f8-ad4b-464c-82c4-2649df904549,artist_affiliations,affiliations[0].organization_en,name,식탁,,Siktak,translated,true,proper_name_or_title,17687c8fdd1216427b9808415700c5fd6dd6330dfaf82db0911b574d18cc7f76,false
portfolio-en-20260806T140416Z,e5b924f8-ad4b-464c-82c4-2649df904549:competitions:0,e5b924f8-ad4b-464c-82c4-2649df904549,artist_competitions,competitions[0].title_en,title,<예컨대 프로젝트>,,<Yecund Project>,translated,true,proper_name_or_title,53ed585df5ed28f6e1bb62dfe3d3275d7c418d2723a4928bbfd4b318bdb82361,false
portfolio-en-20260806T140416Z,e5b924f8-ad4b-464c-82c4-2649df904549:competitions:0,e5b924f8-ad4b-464c-82c4-2649df904549,artist_competitions,competitions[0].organization_en,organization,한국예술종합학교,,Korea National University of Arts,translated,true,proper_name_or_title;abnormal_length_ratio,0446c2f7178751c5795661de861f93033f562c704329db1a9216019df8a8f578,false
portfolio-en-20260806T140416Z,e5b924f8-ad4b-464c-82c4-2649df904549:competitions:1,e5b924f8-ad4b-464c-82c4-2649df904549,artist_competitions,competitions[1].title_en,title,서울로 미디어 캔버스 네이쳐 프로젝트,,Seoullo Media Canvas Nature Project,translated,true,proper_name_or_title,11e57bf98bd650d45f7d4c4d138b60cbb44ef294db12ab25c71900083574d832,false
portfolio-en-20260806T140416Z,e5b924f8-ad4b-464c-82c4-2649df904549:competitions:2,e5b924f8-ad4b-464c-82c4-2649df904549,artist_competitions,competitions[2].title_en,title,창작의 과정,,Creative Process,translated,true,proper_name_or_title,1fbb165fe2ff7b50fc7b8b4e35d7744b216078012388f8a3fd6e45cf138901fc,false
portfolio-en-20260806T140416Z,e5b924f8-ad4b-464c-82c4-2649df904549:competitions:2,e5b924f8-ad4b-464c-82c4-2649df904549,artist_competitions,competitions[2].organization_en,organization,한국문화예술위원회,,Arts Council Korea,translated,true,proper_name_or_title,7fd22c38e2ae5235266fafc4fd9675ceff7c01dc72b8a8f2ea64e45e1b511a01,false
portfolio-en-20260806T140416Z,e5b924f8-ad4b-464c-82c4-2649df904549:competitions:3,e5b924f8-ad4b-464c-82c4-2649df904549,artist_competitions,competitions[3].title_en,title,K-ARTS ON-ROAD ON-STAGE 창작지원사업,,K-ARTS ON-ROAD ON-STAGE Creation Support Project,translated,true,proper_name_or_title;mixed_language,9f6916206dd4c750ed5b1c69f48b930bf8128045bb6660e1e51e348cd3d0ad19,false
portfolio-en-20260806T140416Z,e5b924f8-ad4b-464c-82c4-2649df904549:competitions:4,e5b924f8-ad4b-464c-82c4-2649df904549,artist_competitions,competitions[4].title_en,title,온라인미디어예술활동지원사업 ‘아트체인지 업’,,Online Media Arts Activity Support Project 'Art Change Up',translated,true,proper_name_or_title,d9fc167235cd79fbd824927e8869a12f01daf0793e0e50a9f7e6831eb6dbc205,false
portfolio-en-20260806T140416Z,e5b924f8-ad4b-464c-82c4-2649df904549:competitions:4,e5b924f8-ad4b-464c-82c4-2649df904549,artist_competitions,competitions[4].organization_en,organization,한국문화예술위원회,,Arts Council Korea,translated,true,proper_name_or_title,7fd22c38e2ae5235266fafc4fd9675ceff7c01dc72b8a8f2ea64e45e1b511a01,false
portfolio-en-20260806T140416Z,6e235a04-92fc-4b71-9cd1-cc7a0d4b69a2,6e235a04-92fc-4b71-9cd1-cc7a0d4b69a2,artist,name_en,name,박민지,,Park Minji,translated,true,proper_name_or_title,e8e8fb40fa395e5de1d5ea2b6096b4c39ead941724a6c3c826c283bc8011e092,false
portfolio-en-20260806T140416Z,9072f1cb-dd36-4343-9fe4-c5c510651324,9072f1cb-dd36-4343-9fe4-c5c510651324,artist,name_en,name,김다애(다스탄츠),,Kim Dae (Dasstanz),translated,true,proper_name_or_title,89ee8b102c870e888a51c5ab524f98c789988407ca24649e53ff8db0e251ffa4,false
portfolio-en-20260806T140416Z,9072f1cb-dd36-4343-9fe4-c5c510651324:works:0,9072f1cb-dd36-4343-9fe4-c5c510651324,artist_work,works[0].role_en,role,안무,,Choreography,translated,true,proper_name_or_title;glossary_reused,fc760bfe9674222e793f49c638407f25fd5f3c2d2a182e9473fffc182c2eca08,false
portfolio-en-20260806T140416Z,9072f1cb-dd36-4343-9fe4-c5c510651324:works:0:credits:0,9072f1cb-dd36-4343-9fe4-c5c510651324,artist_work_credit,works[0].credits[0].role_en,role,안무/역할,,Choreography/Role,translated,true,proper_name_or_title,70ee303860325afba468e626f4083748ee630d4d45072bd85f7d296db5dae115,false
portfolio-en-20260806T140416Z,ec71b25f-81d0-4885-8dbd-45abf94cc4f0:works:0,ec71b25f-81d0-4885-8dbd-45abf94cc4f0,artist_work,works[0].title_en,title,묘책,,Myochek,translated,true,proper_name_or_title,cf71b481838b80ff5e2b3f7dd1df8f7d9db918c83214060123cd28d1993bc2bc,false
portfolio-en-20260806T140416Z,ec71b25f-81d0-4885-8dbd-45abf94cc4f0:works:0,ec71b25f-81d0-4885-8dbd-45abf94cc4f0,artist_work,works[0].role_en,role,기획/연출,,Planning/Direction,translated,true,proper_name_or_title,84a34efb9cff1ffd18ccd3f7329ca592b3c285b5db35d732db9cf69d474dcc5b,false
portfolio-en-20260806T140416Z,ec71b25f-81d0-4885-8dbd-45abf94cc4f0:works:0:credits:0,ec71b25f-81d0-4885-8dbd-45abf94cc4f0,artist_work_credit,works[0].credits[0].role_en,role,안무/역할,,Choreography/Role,translated,true,proper_name_or_title,70ee303860325afba468e626f4083748ee630d4d45072bd85f7d296db5dae115,false
portfolio-en-20260806T140416Z,ec71b25f-81d0-4885-8dbd-45abf94cc4f0:works:1,ec71b25f-81d0-4885-8dbd-45abf94cc4f0,artist_work,works[1].title_en,title,사람 찾습니다,,Looking for a Person,translated,true,proper_name_or_title,b592cb91e707bd63a4c142053726696c5858d261c682ff07fe00243f3a74458d,false
portfolio-en-20260806T140416Z,ec71b25f-81d0-4885-8dbd-45abf94cc4f0:works:1,ec71b25f-81d0-4885-8dbd-45abf94cc4f0,artist_work,works[1].role_en,role,기획 / 홍보 디자인,,Planning / Publicity Design,translated,true,proper_name_or_title,b3981a2ac60758aabf482be8d9431237d95de3540081a0d30931827ed6dc60fc,false
portfolio-en-20260806T140416Z,ec71b25f-81d0-4885-8dbd-45abf94cc4f0:works:1:credits:0,ec71b25f-81d0-4885-8dbd-45abf94cc4f0,artist_work_credit,works[1].credits[0].role_en,role,안무/역할,,Choreography/Role,translated,true,proper_name_or_title,70ee303860325afba468e626f4083748ee630d4d45072bd85f7d296db5dae115,false
portfolio-en-20260806T140416Z,ec71b25f-81d0-4885-8dbd-45abf94cc4f0:works:2,ec71b25f-81d0-4885-8dbd-45abf94cc4f0,artist_work,works[2].title_en,title,천씨일가,,Cheon Family,translated,true,proper_name_or_title,c86e5e9b0caa8fcefc56d576d5eb3a383d25690488c98a03b6f1069aa9ffe73c,false
portfolio-en-20260806T140416Z,ec71b25f-81d0-4885-8dbd-45abf94cc4f0:works:2,ec71b25f-81d0-4885-8dbd-45abf94cc4f0,artist_work,works[2].role_en,role,그래픽 디자인 / 기획,,Graphic Design / Planning,translated,true,proper_name_or_title,013e3a000b2d29ae3a16c95ea4224e7b13c004159e96f3734831ef88448a3c65,false
portfolio-en-20260806T140416Z,ec71b25f-81d0-4885-8dbd-45abf94cc4f0:works:2:credits:0,ec71b25f-81d0-4885-8dbd-45abf94cc4f0,artist_work_credit,works[2].credits[0].role_en,role,안무/역할,,Choreography/Role,translated,true,proper_name_or_title,70ee303860325afba468e626f4083748ee630d4d45072bd85f7d296db5dae115,false
portfolio-en-20260806T140416Z,ec71b25f-81d0-4885-8dbd-45abf94cc4f0:works:3,ec71b25f-81d0-4885-8dbd-45abf94cc4f0,artist_work,works[3].title_en,title,"무용필름, <nu(~)>",,"Dance Film, <nu(~)>",translated,true,proper_name_or_title;mixed_language,674313773504db2d420720b54c7969171d8113c0c0d3f7bff992dac7d4280832,false
portfolio-en-20260806T140416Z,ec71b25f-81d0-4885-8dbd-45abf94cc4f0:works:3,ec71b25f-81d0-4885-8dbd-45abf94cc4f0,artist_work,works[3].role_en,role,제작,,Production,translated,true,proper_name_or_title;glossary_reused,dcb79ddcacad67d6bf4fab62af026a1804c103258d55d392f1de8fd4305563cd,false
portfolio-en-20260806T140416Z,ec71b25f-81d0-4885-8dbd-45abf94cc4f0:works:3:credits:0,ec71b25f-81d0-4885-8dbd-45abf94cc4f0,artist_work_credit,works[3].credits[0].role_en,role,안무/역할,,Choreography/Role,translated,true,proper_name_or_title,70ee303860325afba468e626f4083748ee630d4d45072bd85f7d296db5dae115,false
portfolio-en-20260806T140416Z,ec71b25f-81d0-4885-8dbd-45abf94cc4f0:works:4,ec71b25f-81d0-4885-8dbd-45abf94cc4f0,artist_work,works[4].title_en,title,춘하추동간,,Chun Ha Chu Dong Gan,translated,true,proper_name_or_title,bd4d1500ec71b0cbf8aa9afacd34b8a0d53d66139647499198c816b0080b8d04,false
portfolio-en-20260806T140416Z,ec71b25f-81d0-4885-8dbd-45abf94cc4f0:works:4,ec71b25f-81d0-4885-8dbd-45abf94cc4f0,artist_work,works[4].role_en,role,기획,,Planning,translated,true,proper_name_or_title;glossary_reused,679db4854ce974f355b6b34eba552151437b6de22f7a8b643bea30349353a1fe,false
portfolio-en-20260806T140416Z,ec71b25f-81d0-4885-8dbd-45abf94cc4f0:works:4:credits:0,ec71b25f-81d0-4885-8dbd-45abf94cc4f0,artist_work_credit,works[4].credits[0].role_en,role,안무/역할,,Choreography/Role,translated,true,proper_name_or_title,70ee303860325afba468e626f4083748ee630d4d45072bd85f7d296db5dae115,false
portfolio-en-20260806T140416Z,ec71b25f-81d0-4885-8dbd-45abf94cc4f0:works:5,ec71b25f-81d0-4885-8dbd-45abf94cc4f0,artist_work,works[5].title_en,title,계절의 문지기,,Gatekeeper of the Seasons,translated,true,proper_name_or_title,b8c5e861f2221899521fc000839c544083a867ff81cc16a57a60f3179704f8bb,false
portfolio-en-20260806T140416Z,ec71b25f-81d0-4885-8dbd-45abf94cc4f0:works:5,ec71b25f-81d0-4885-8dbd-45abf94cc4f0,artist_work,works[5].role_en,role,그래픽 디자인,,Graphic Design,translated,true,proper_name_or_title,dac87ca28b5b1058d28de290333f8bb5af155576fa7ba9b00c62467414492549,false
portfolio-en-20260806T140416Z,ec71b25f-81d0-4885-8dbd-45abf94cc4f0:works:5:credits:0,ec71b25f-81d0-4885-8dbd-45abf94cc4f0,artist_work_credit,works[5].credits[0].role_en,role,안무/역할,,Choreography/Role,translated,true,proper_name_or_title,70ee303860325afba468e626f4083748ee630d4d45072bd85f7d296db5dae115,false
portfolio-en-20260806T140416Z,ec71b25f-81d0-4885-8dbd-45abf94cc4f0:works:6,ec71b25f-81d0-4885-8dbd-45abf94cc4f0,artist_work,works[6].title_en,title,계절의 문지기,,Gatekeeper of the Seasons,translated,true,proper_name_or_title,b8c5e861f2221899521fc000839c544083a867ff81cc16a57a60f3179704f8bb,false
portfolio-en-20260806T140416Z,ec71b25f-81d0-4885-8dbd-45abf94cc4f0:works:7,ec71b25f-81d0-4885-8dbd-45abf94cc4f0,artist_work,works[7].title_en,title,묘책,,Myochek,translated,true,proper_name_or_title,cf71b481838b80ff5e2b3f7dd1df8f7d9db918c83214060123cd28d1993bc2bc,false
portfolio-en-20260806T140416Z,ec71b25f-81d0-4885-8dbd-45abf94cc4f0:works:8,ec71b25f-81d0-4885-8dbd-45abf94cc4f0,artist_work,works[8].title_en,title,묘책,,Myochek,translated,true,proper_name_or_title,cf71b481838b80ff5e2b3f7dd1df8f7d9db918c83214060123cd28d1993bc2bc,false
portfolio-en-20260806T140416Z,ec71b25f-81d0-4885-8dbd-45abf94cc4f0:works:9,ec71b25f-81d0-4885-8dbd-45abf94cc4f0,artist_work,works[9].title_en,title,천씨일가,,Cheon Family,translated,true,proper_name_or_title,c86e5e9b0caa8fcefc56d576d5eb3a383d25690488c98a03b6f1069aa9ffe73c,false
portfolio-en-20260806T140416Z,ec71b25f-81d0-4885-8dbd-45abf94cc4f0:works:10,ec71b25f-81d0-4885-8dbd-45abf94cc4f0,artist_work,works[10].title_en,title,천씨일가,,Cheon Family,translated,true,proper_name_or_title,c86e5e9b0caa8fcefc56d576d5eb3a383d25690488c98a03b6f1069aa9ffe73c,false
portfolio-en-20260806T140416Z,ec71b25f-81d0-4885-8dbd-45abf94cc4f0:works:12,ec71b25f-81d0-4885-8dbd-45abf94cc4f0,artist_work,works[12].title_en,title,천씨일가,,Cheon Family,translated,true,proper_name_or_title,c86e5e9b0caa8fcefc56d576d5eb3a383d25690488c98a03b6f1069aa9ffe73c,false
portfolio-en-20260806T140416Z,ec71b25f-81d0-4885-8dbd-45abf94cc4f0:works:13,ec71b25f-81d0-4885-8dbd-45abf94cc4f0,artist_work,works[13].title_en,title,천씨일가,,Cheon Family,translated,true,proper_name_or_title,c86e5e9b0caa8fcefc56d576d5eb3a383d25690488c98a03b6f1069aa9ffe73c,false
portfolio-en-20260806T140416Z,ec71b25f-81d0-4885-8dbd-45abf94cc4f0:works:14,ec71b25f-81d0-4885-8dbd-45abf94cc4f0,artist_work,works[14].title_en,title,천씨일가,,Cheon Family,translated,true,proper_name_or_title,c86e5e9b0caa8fcefc56d576d5eb3a383d25690488c98a03b6f1069aa9ffe73c,false
portfolio-en-20260806T140416Z,ec71b25f-81d0-4885-8dbd-45abf94cc4f0:works:15,ec71b25f-81d0-4885-8dbd-45abf94cc4f0,artist_work,works[15].title_en,title,천씨일가,,Cheon Family,translated,true,proper_name_or_title,c86e5e9b0caa8fcefc56d576d5eb3a383d25690488c98a03b6f1069aa9ffe73c,false
portfolio-en-20260806T140416Z,ec71b25f-81d0-4885-8dbd-45abf94cc4f0:works:17,ec71b25f-81d0-4885-8dbd-45abf94cc4f0,artist_work,works[17].title_en,title,사람 찾습니다,,Looking for a Person,translated,true,proper_name_or_title,b592cb91e707bd63a4c142053726696c5858d261c682ff07fe00243f3a74458d,false
portfolio-en-20260806T140416Z,ec71b25f-81d0-4885-8dbd-45abf94cc4f0:works:18,ec71b25f-81d0-4885-8dbd-45abf94cc4f0,artist_work,works[18].title_en,title,사람 찾습니다,,Looking for a Person,translated,true,proper_name_or_title,b592cb91e707bd63a4c142053726696c5858d261c682ff07fe00243f3a74458d,false
portfolio-en-20260806T140416Z,ec71b25f-81d0-4885-8dbd-45abf94cc4f0:works:19,ec71b25f-81d0-4885-8dbd-45abf94cc4f0,artist_work,works[19].title_en,title,계절의 문지기,,Gatekeeper of the Seasons,translated,true,proper_name_or_title,b8c5e861f2221899521fc000839c544083a867ff81cc16a57a60f3179704f8bb,false
portfolio-en-20260806T140416Z,ec71b25f-81d0-4885-8dbd-45abf94cc4f0:works:20,ec71b25f-81d0-4885-8dbd-45abf94cc4f0,artist_work,works[20].title_en,title,사람 찾습니다,,Looking for a Person,translated,true,proper_name_or_title,b592cb91e707bd63a4c142053726696c5858d261c682ff07fe00243f3a74458d,false
portfolio-en-20260806T140416Z,ec71b25f-81d0-4885-8dbd-45abf94cc4f0:works:21,ec71b25f-81d0-4885-8dbd-45abf94cc4f0,artist_work,works[21].title_en,title,계절의 문지기,,Gatekeeper of the Seasons,translated,true,proper_name_or_title,b8c5e861f2221899521fc000839c544083a867ff81cc16a57a60f3179704f8bb,false
portfolio-en-20260806T140416Z,ec71b25f-81d0-4885-8dbd-45abf94cc4f0:works:22,ec71b25f-81d0-4885-8dbd-45abf94cc4f0,artist_work,works[22].title_en,title,계절의 문지기,,Gatekeeper of the Seasons,translated,true,proper_name_or_title,b8c5e861f2221899521fc000839c544083a867ff81cc16a57a60f3179704f8bb,false
portfolio-en-20260806T140416Z,ec71b25f-81d0-4885-8dbd-45abf94cc4f0:works:23,ec71b25f-81d0-4885-8dbd-45abf94cc4f0,artist_work,works[23].title_en,title,계절의 문지기,,Gatekeeper of the Seasons,translated,true,proper_name_or_title,b8c5e861f2221899521fc000839c544083a867ff81cc16a57a60f3179704f8bb,false
portfolio-en-20260806T140416Z,ec71b25f-81d0-4885-8dbd-45abf94cc4f0:works:27,ec71b25f-81d0-4885-8dbd-45abf94cc4f0,artist_work,works[27].title_en,title,묘책,,Myochek,translated,true,proper_name_or_title,cf71b481838b80ff5e2b3f7dd1df8f7d9db918c83214060123cd28d1993bc2bc,false
portfolio-en-20260806T140416Z,ec71b25f-81d0-4885-8dbd-45abf94cc4f0:works:28,ec71b25f-81d0-4885-8dbd-45abf94cc4f0,artist_work,works[28].title_en,title,묘책,,Myochek,translated,true,proper_name_or_title,cf71b481838b80ff5e2b3f7dd1df8f7d9db918c83214060123cd28d1993bc2bc,false
portfolio-en-20260806T140416Z,ec71b25f-81d0-4885-8dbd-45abf94cc4f0:works:29,ec71b25f-81d0-4885-8dbd-45abf94cc4f0,artist_work,works[29].title_en,title,춘하추동간,,Chun Ha Chu Dong Gan,translated,true,proper_name_or_title,bd4d1500ec71b0cbf8aa9afacd34b8a0d53d66139647499198c816b0080b8d04,false
portfolio-en-20260806T140416Z,ec71b25f-81d0-4885-8dbd-45abf94cc4f0:affiliations:0,ec71b25f-81d0-4885-8dbd-45abf94cc4f0,artist_affiliations,affiliations[0].organization_en,name,국립현대무용단,,Korea National Contemporary Dance Company,translated,true,proper_name_or_title;glossary_reused,2528a949f01a643828c6dd9867ea4715c1c2be0d616be7497eb432121b5d78a4,false
portfolio-en-20260806T140416Z,ec71b25f-81d0-4885-8dbd-45abf94cc4f0:affiliations:1,ec71b25f-81d0-4885-8dbd-45abf94cc4f0,artist_affiliations,affiliations[1].organization_en,name,한국예술종합학교신문,,Korea National University of Arts Newspaper,translated,true,proper_name_or_title;abnormal_length_ratio,44a2015124b315bff315ae28bd1ede8fbbf3503ac30915ac36b242df2007def0,false
portfolio-en-20260806T140416Z,ec71b25f-81d0-4885-8dbd-45abf94cc4f0:competitions:0,ec71b25f-81d0-4885-8dbd-45abf94cc4f0,artist_competitions,competitions[0].result_en,result,창작지원공모 선정,,Selected for Creative Support Competition,translated,true,abnormal_length_ratio,0bebcffa97096cabe7407b90bb9ba9d36aab016ac1d8994ac6aa067b0a61a2f7,false
portfolio-en-20260806T140416Z,ec71b25f-81d0-4885-8dbd-45abf94cc4f0:current_activity:0,ec71b25f-81d0-4885-8dbd-45abf94cc4f0:current_activity:0,artist_current_activity,current_activity_en[0],current_activity,국립현대무용단 커뮤니케이터,,Communicator at Korea National Contemporary Dance Company,translated,true,abnormal_length_ratio,2da583cae2fa6ba1b33912557e4edd946390809b118b286eaca30d420354069b,false
portfolio-en-20260806T140416Z,ec71b25f-81d0-4885-8dbd-45abf94cc4f0:education:0,ec71b25f-81d0-4885-8dbd-45abf94cc4f0:education:0,artist_education,education_en[0],education,한국예술종합학교 무용원 이론과 예술경영전공 2학년 재학,,"Currently enrolled as a second-year student majoring in Theory and Arts Management at the School of Dance, Korea National University of Arts",translated,true,abnormal_length_ratio,261e2e345cc2559eb4c01f9ffbaf31d5f827cad3cee3d794abb37d4f07d278ec,false
portfolio-en-20260806T140416Z,4f8c9968-c4f0-4113-8584-1ddbf6d6a829,4f8c9968-c4f0-4113-8584-1ddbf6d6a829,artist,name_en,name,김범민,,Kim Beom-min,translated,true,proper_name_or_title,b31ba1bfa301b3b65aa1da057d256926a53ac691baaa108a35c318711d3fa657,false
portfolio-en-20260806T140416Z,4f8c9968-c4f0-4113-8584-1ddbf6d6a829:education:0,4f8c9968-c4f0-4113-8584-1ddbf6d6a829:education:0,artist_education,education_en[0],education,한국예술종합학교 무용원 재학,,"Currently enrolled at the School of Dance, Korea National University of Arts",translated,true,abnormal_length_ratio,1180da09836b5b316ca22b109332a8b53bb21856438b684b5736db2b06d4d6a7,false
portfolio-en-20260806T140416Z,167e4cb7-82a4-4965-95e7-a09d7ab2581e,167e4cb7-82a4-4965-95e7-a09d7ab2581e,artist,name_en,name,고현아,,Go Hyun-ah,translated,true,proper_name_or_title,9d8227c7e00fb8b03b77368cb730533e12d7c0a567b2df7d971375d01a2c9045,false
portfolio-en-20260806T140416Z,6c61aa6c-a695-4c57-ba1f-e5a47d9d4361,6c61aa6c-a695-4c57-ba1f-e5a47d9d4361,artist,name_en,name,우지영,,Woo Ji-young,translated,true,proper_name_or_title,abf113776c96a4f0f7030fa5c29a850ec7bc36381b60dee30d4199ff096b87e0,false
portfolio-en-20260806T140416Z,6c61aa6c-a695-4c57-ba1f-e5a47d9d4361:works:0,6c61aa6c-a695-4c57-ba1f-e5a47d9d4361,artist_work,works[0].title_en,title,지진:LOVE WAVE,,Earthquake: LOVE WAVE,translated,true,proper_name_or_title;mixed_language,efa31ca0057b69adbf5657699b310b8859bb49fb32b8c63ae23af8ca4d17680e,false
portfolio-en-20260806T140416Z,6c61aa6c-a695-4c57-ba1f-e5a47d9d4361:works:0,6c61aa6c-a695-4c57-ba1f-e5a47d9d4361,artist_work,works[0].description_en,description,"LOVE WAVE는 사랑이 밀려오고 스쳐 지나가는 감정의 파동을 몸의 움직임으로 풀어낸 작품이다. 서로에게 닿고 멀어지는 순간들을 섬세한 움직임과 리듬으로 그려내며, 관계 속에서 끊임없이 변화하는 감정의 흐름을 무대 위에 펼쳐낸다.",,"LOVE WAVE is a work that expresses the emotional waves of love surging and passing through the body’s movements. It depicts moments of touching and distancing with delicate movements and rhythms, unfolding the constantly changing flow of emotions within relationships on stage.",translated,true,proper_name_or_title;mixed_language,6d9952e2bf2d9d76b2fb14fff0ca6f58d42b1ddeb3c4ac8c1ff90c4ccedbc026,false
portfolio-en-20260806T140416Z,6c61aa6c-a695-4c57-ba1f-e5a47d9d4361:works:0,6c61aa6c-a695-4c57-ba1f-e5a47d9d4361,artist_work,works[0].role_en,role,안무,,Choreography,translated,true,proper_name_or_title;glossary_reused,fc760bfe9674222e793f49c638407f25fd5f3c2d2a182e9473fffc182c2eca08,false
portfolio-en-20260806T140416Z,6c61aa6c-a695-4c57-ba1f-e5a47d9d4361:works:0:credits:0,6c61aa6c-a695-4c57-ba1f-e5a47d9d4361,artist_work_credit,works[0].credits[0].role_en,role,안무/역할,,Choreography/Role,translated,true,proper_name_or_title,70ee303860325afba468e626f4083748ee630d4d45072bd85f7d296db5dae115,false
portfolio-en-20260806T140416Z,d7e57571-74aa-494b-89f4-965a2770e67d,d7e57571-74aa-494b-89f4-965a2770e67d,artist,name_en,name,노예슬,,Noh Ye-seul,translated,true,proper_name_or_title,bac09c14be5fad78c2636fce4dea31686cc61f6dfa79532fe579e398b8eb8857,false
portfolio-en-20260806T140416Z,d7e57571-74aa-494b-89f4-965a2770e67d,d7e57571-74aa-494b-89f4-965a2770e67d,artist,introduction_en,bio_short,공원(GONGWON) 소속 무용수 노예슬입니다.,,Dancer affiliated with GONGWON,translated,true,mixed_language,a5b2ed918943177e0b9aaee4e3280bd8c1024872bf7b643d6211037befc34699,false
portfolio-en-20260806T140416Z,9d7fe733-ef45-4c9d-861c-b9e3d1389407,9d7fe733-ef45-4c9d-861c-b9e3d1389407,artist,name_en,name,양성윤,,Yang Sung-yoon,translated,true,proper_name_or_title;abnormal_length_ratio,747f37e8fa33b72b390f17733859008d90a83c5deab56e2c4b66e22fb9a3a2e4,false
portfolio-en-20260806T140416Z,9d7fe733-ef45-4c9d-861c-b9e3d1389407,9d7fe733-ef45-4c9d-861c-b9e3d1389407,artist,introduction_en,bio_short,공원(GONGWON) 소속 무용수 양성윤입니다.,,Dancer affiliated with GONGWON,translated,true,mixed_language,cc25f444e43515e4a90d7f85a2426f84cea59f8ee1f6482333fbb8036e8a98a9,false
portfolio-en-20260806T140416Z,f5ccaea3-8ded-4b2c-9011-01f5ca075db9,f5ccaea3-8ded-4b2c-9011-01f5ca075db9,artist,name_en,name,김현우,,Kim Hyun-woo,translated,true,proper_name_or_title;Proper name or title,60d6be9a55fdd19dfe99a5a5b8701e0dfe405cbeda826cb966adb9a593acffce,false
portfolio-en-20260806T140416Z,f5ccaea3-8ded-4b2c-9011-01f5ca075db9:works:0,f5ccaea3-8ded-4b2c-9011-01f5ca075db9,artist_work,works[0].title_en,title,재활용 제활용!,,Recycling? Reusing!,translated,true,proper_name_or_title;Proper name or title,6540a2a8dad898df14f0464ca68974a4ad79481e2d4b0157406f9ef994812a8f,false
portfolio-en-20260806T140416Z,f5ccaea3-8ded-4b2c-9011-01f5ca075db9:works:0,f5ccaea3-8ded-4b2c-9011-01f5ca075db9,artist_work,works[0].description_en,description,"공연소개
“소외된 것들의 새로운 가치를 탐구하는 제(祭)의식”
#재활용 #업사이클링 #지속가능한예술 #문묘제례악 #인터뷰

작품소개
<재활용? 제활용!>은 소외된 가치를 문묘제례악의 형식과 절차를 빌려 새로운 의미와 활용으로 재탄생시키는 제의식이다. 네 명의 인터뷰이의 멈춰버린 움직임과 이야기를 네 명의 대리자와 상징물을 통해 지속가능한 새로운 가치와 형태로써 무대 위에 불러일으킨다.

연출/안무의도
문화예술계를 떠날 수밖에 없었던 네 명의 인터뷰이의 움직임과 이야기를 영상으로 기록하고 수집했다. 이 기록은 재활용되는 차원을 넘어 새로운 가치와 형태의 예술적 언어로 재구성되었다. 한국 고유의 제의 형식인 문묘제례악의 절차를 차용하여 과거를 기리고 현재와 이어주는 구조를 마련한다. 각 장면은 네 명의 대리자와 상징물을 통해 제물처럼 무대 위에 올라 새로운 의미와 가치로 구체화된다. 이러한 과정을 통해 단순히 삶을 재현하는 것이 아니라, 사람의 본질을 탐구하고 기록하며 전시 및 보존하는 행위로 이어진다. 이야기를 움직임으로 번역하는 작업은 결국 사람과 세계를 더 깊이 이해하기 위함이다.

공연제작 과정 속에서 지속가능한 예술을 실천하기 위해 지원자들이 사용하던 상징물은 소품과 세트로 재탄생한다. 가치를 잃은 사물을 악기로 만들어 문묘제례악을 연주하고, 아름다운 가게를 통해 기부하고 재구매한 의상을 활용한다. 이는 업사이클링 개념을 통해 공연예술이 가진 일회적 구조를 넘어 지속가능한 예술을 위한 공연예술과 환경문제의 연결고리를 탐구하는 실험적인 시도이다.",,"Performance Introduction
""A ritual exploring new values of the marginalized""
#Recycling #Upcycling #SustainableArt #MunmyoJeryeak #Interview

Work Description
<Recycling? Reusing!> is a ritual that reinterprets marginalized values by borrowing the form and procedures of Munmyo Jeryeak to give them new meaning and use. The halted movements and stories of four interviewees are evoked on stage as sustainable new values and forms through four proxies and symbolic objects.

Direction/Choreography Intent
The movements and stories of four interviewees who had to leave the cultural and artistic community were recorded and collected on video. This record was reconstructed beyond recycling into an artistic language of new value and form. By adopting the procedures of Munmyo Jeryeak, a traditional Korean ritual, a structure is established to honor the past and connect it to the present. Each scene is presented on stage like an offering through four proxies and symbolic objects, materializing new meanings and values. Through this process, it is not merely a reproduction of life but an act of exploring, recording, exhibiting, and preserving human essence. Translating stories into movement ultimately aims to deepen understanding of people and the world.

To practice sustainable art during the production process, symbolic objects used by the participants were reborn as props and sets. Objects that lost their value were transformed into instruments to perform Munmyo Jeryeak, and costumes donated and repurchased through a thrift store were utilized. This experimental attempt explores the connection between performing arts and environmental issues for sustainable art beyond the one-time nature of performing arts through the concept of upcycling.",translated,true,proper_name_or_title;long_text;Proper name or title; long text,0c82f4599c6d32f703ad8c4900543b36df917ab531f400b27079bcc1b674811d,false
portfolio-en-20260806T140416Z,f5ccaea3-8ded-4b2c-9011-01f5ca075db9:works:0,f5ccaea3-8ded-4b2c-9011-01f5ca075db9,artist_work,works[0].role_en,role,안무,,Choreography,translated,true,proper_name_or_title;glossary_reused,fc760bfe9674222e793f49c638407f25fd5f3c2d2a182e9473fffc182c2eca08,false
portfolio-en-20260806T140416Z,f5ccaea3-8ded-4b2c-9011-01f5ca075db9:works:0:credits:0,f5ccaea3-8ded-4b2c-9011-01f5ca075db9,artist_work_credit,works[0].credits[0].role_en,role,안무,,Choreography,translated,true,proper_name_or_title;glossary_reused,488b69cfedefa3fdf7f4e33e83336121bac78e58bc1c6d5c2b52c0d84b2bead6,false
portfolio-en-20260806T140416Z,f5ccaea3-8ded-4b2c-9011-01f5ca075db9:works:0:credits:1,f5ccaea3-8ded-4b2c-9011-01f5ca075db9,artist_work_credit,works[0].credits[1].role_en,role,공동창작 및 출연,,Co-creation and Performance,translated,true,proper_name_or_title;Proper name or title,e8224139e00d075a4b2ded149b8414a6609de028346cbec84575b3e14d7b5e29,false
portfolio-en-20260806T140416Z,f5ccaea3-8ded-4b2c-9011-01f5ca075db9:works:0:credits:2,f5ccaea3-8ded-4b2c-9011-01f5ca075db9,artist_work_credit,works[0].credits[2].role_en,role,인터뷰,,Interview,translated,true,proper_name_or_title;Proper name or title,72de0dc1b67f1a4d18e772db823d15e43168bdc1e513247902201b02e121d66c,false
portfolio-en-20260806T140416Z,f5ccaea3-8ded-4b2c-9011-01f5ca075db9:works:0:credits:3,f5ccaea3-8ded-4b2c-9011-01f5ca075db9,artist_work_credit,works[0].credits[3].role_en,role,음악,,Music,translated,true,proper_name_or_title;Proper name or title,fbfaf53d6f7edd91ac32431a256bf6deb1a12d459d7c8c4672f7b293807c4f3d,false
portfolio-en-20260806T140416Z,f5ccaea3-8ded-4b2c-9011-01f5ca075db9:works:0:credits:4,f5ccaea3-8ded-4b2c-9011-01f5ca075db9,artist_work_credit,works[0].credits[4].role_en,role,연주,,Performance,translated,true,proper_name_or_title;Proper name or title;abnormal_length_ratio,cb19ccf063838e74b3591baa34e055ba91bef1e8d1eea433c949038296e6e708,false
portfolio-en-20260806T140416Z,f5ccaea3-8ded-4b2c-9011-01f5ca075db9:works:0:credits:5,f5ccaea3-8ded-4b2c-9011-01f5ca075db9,artist_work_credit,works[0].credits[5].role_en,role,무대,,Stage,translated,true,proper_name_or_title;Proper name or title,52717236c36eb897ae43d75c70a8a00d9c82d1e6671c8c4b62cdf8f7ecfe6dbc,false
portfolio-en-20260806T140416Z,f5ccaea3-8ded-4b2c-9011-01f5ca075db9:works:0:credits:6,f5ccaea3-8ded-4b2c-9011-01f5ca075db9,artist_work_credit,works[0].credits[6].role_en,role,조명,,Lighting,translated,true,proper_name_or_title;Proper name or title,f0d5635c14a13ae24a6e61a1c0b99adac816517786ebad43f701a4e4327db394,false
portfolio-en-20260806T140416Z,f5ccaea3-8ded-4b2c-9011-01f5ca075db9:works:0:credits:7,f5ccaea3-8ded-4b2c-9011-01f5ca075db9,artist_work_credit,works[0].credits[7].role_en,role,크레딧,,Credits,translated,true,proper_name_or_title;Proper name or title,20698624e3d1e1fd6221ded3ef5981b9f2d6e37a9226084ad59e909e4c73dd0d,false
portfolio-en-20260806T140416Z,f5ccaea3-8ded-4b2c-9011-01f5ca075db9:works:0:credits:8,f5ccaea3-8ded-4b2c-9011-01f5ca075db9,artist_work_credit,works[0].credits[8].role_en,role,사진,,Photography,translated,true,proper_name_or_title;Proper name or title;abnormal_length_ratio,4ca259867da34a3529730c1a4aa889b0cd66f13d911429ae4620f4ba2a673d03,false
portfolio-en-20260806T140416Z,f5ccaea3-8ded-4b2c-9011-01f5ca075db9:works:0:credits:9,f5ccaea3-8ded-4b2c-9011-01f5ca075db9,artist_work_credit,works[0].credits[9].role_en,role,영상,,Video,translated,true,proper_name_or_title;Proper name or title,ab66a2ef05678da18021e4f755e53898648e7686cfabc936b68011c31e7cdc6b,false
portfolio-en-20260806T140416Z,f5ccaea3-8ded-4b2c-9011-01f5ca075db9:works:0:credits:10,f5ccaea3-8ded-4b2c-9011-01f5ca075db9,artist_work_credit,works[0].credits[10].role_en,role,디자인,,Design,translated,true,proper_name_or_title;Proper name or title,c8d48670ffd26270d7ee96cf3783d68e60397d64e0a2135638c7d0bc4833c4d5,false
portfolio-en-20260806T140416Z,f5ccaea3-8ded-4b2c-9011-01f5ca075db9:works:1,f5ccaea3-8ded-4b2c-9011-01f5ca075db9,artist_work,works[1].title_en,title,머무르기 보다 불행을 택했다,,"Rather Than Staying, I Chose Misery",translated,true,proper_name_or_title;Proper name or title,e8b1b4b331495b4ece376674ee3bd1bccffbb075273d5cbb6ede23d3e34ae48d,false
portfolio-en-20260806T140416Z,f5ccaea3-8ded-4b2c-9011-01f5ca075db9:works:1,f5ccaea3-8ded-4b2c-9011-01f5ca075db9,artist_work,works[1].description_en,description,- 2025년 6월 7일 Guggenheim Museum 스페인 ACT Festival <머무르기 보다 불행을 택했다>,,"- June 7, 2025, Guggenheim Museum Spain ACT Festival <Rather Than Staying, I Chose Misery>",translated,true,proper_name_or_title;mixed_language;Proper name or title; mixed language,27149d1bd42ae65f86e61d70a6d5670db629c87160d185706488fb919f0cfa2e,false
portfolio-en-20260806T140416Z,f5ccaea3-8ded-4b2c-9011-01f5ca075db9:works:2,f5ccaea3-8ded-4b2c-9011-01f5ca075db9,artist_work,works[2].title_en,title,겹,,Layer,translated,true,proper_name_or_title;Proper name or title;abnormal_length_ratio,71db55d43b52468ddeb7042186370590c391e246fd3690148af9393d3426fd84,false
portfolio-en-20260806T140416Z,f5ccaea3-8ded-4b2c-9011-01f5ca075db9:works:2,f5ccaea3-8ded-4b2c-9011-01f5ca075db9,artist_work,works[2].role_en,role,"안무, 무용수",,"Choreography, Dancer",translated,true,proper_name_or_title;Proper name or title,32be1200b834cc4592e46bafe3dabfacf715c58ab9e8a9f36716ace5385884a8,false
portfolio-en-20260806T140416Z,f5ccaea3-8ded-4b2c-9011-01f5ca075db9:works:2:credits:0,f5ccaea3-8ded-4b2c-9011-01f5ca075db9,artist_work_credit,works[2].credits[0].role_en,role,안무/역할,,Choreography/Role,translated,true,proper_name_or_title,70ee303860325afba468e626f4083748ee630d4d45072bd85f7d296db5dae115,false
portfolio-en-20260806T140416Z,5e92b537-bd11-473f-8fc2-5450ac174f01,5e92b537-bd11-473f-8fc2-5450ac174f01,artist,bio_en,bio,"이다연은 감정, 움직임, 그리고 관객 참여를 연결하는 인터랙티브 퍼포먼스를 탐구하는 안무가입니다. 주요 작품으로는 〈Re: Choreograph〉, 〈무용 뒤집기〉, 〈박동〉이 있으며, AI와 무용수, 관객의 상호작용을 통해 안무의 새로운 의미를 제시합니다. 최근에는 XR 기반 치료 경험 프로그램을 개발하는 등 다양한 예술 융합 프로젝트를 진행하고 있습니다.",,"Da-yeon Lee is a choreographer exploring interactive performances that connect emotion, movement, and audience participation. Major works include Re: Choreograph, Flipping Dance, and Pulse, presenting new meanings of choreography through interactions among AI, dancers, and audiences. Recently, she has been engaged in various art convergence projects, including developing XR-based therapeutic experience programs.",translated,true,mixed_language;Mixed language,a84468c24ee022f14e208d5413e7fdc78d1d83b1dee96614b788cfbb553167b5,false
portfolio-en-20260806T140416Z,5e92b537-bd11-473f-8fc2-5450ac174f01:works:0,5e92b537-bd11-473f-8fc2-5450ac174f01,artist_work,works[0].title_en,title,Re: Choreograph (다시쓰는 몸),,Re: Choreograph (Rewriting the Body),translated,true,proper_name_or_title;mixed_language;Proper name or title; mixed language,d6c6277226236fe32809a8f7fd3f957fbf7f1510ef170fd6ad77d33010483085,false
portfolio-en-20260806T140416Z,5e92b537-bd11-473f-8fc2-5450ac174f01:works:0,5e92b537-bd11-473f-8fc2-5450ac174f01,artist_work,works[0].description_en,description,"AI, 무용수, 관객 세 주체의 상호작용을 통해 몸의 의미를 다시 쓰는 관객 참여형 이머시브 퍼포먼스 및 전시.

“몸을 쓴다는 게 뭘까요?”

우리는 매일 몸을 움직이지만,
그 움직임이 담는 의미는 쉽게 잊어버리곤 합니다.

<Re:Choreograph>는 희미해진 몸의 언어로부터 시작해, 그 안에 담긴 감정이 다른 주체들에 의해 해체되고 분해되는 과정을 탐구하는 관객 참여형 전시 & 퍼포먼스입니다.

본 전시에는 [관객 · AI · 무용수] 세 주체가 함께하며, 45분간 여러분은 여러 의미의 변형을 거쳐 ‘몸의 의미를 다시 씁니다.’

우리에게 안무란 단순히 춤을 쓰는 것을 넘어, 몸에서 시작한 의미가 순환하며 다시(Re:) 쓰이는(Choreograph) 전 과정이라 보았습니다.

당신의 몸에서 파생된 의미가 텍스트가 되어 AI와 무용수에 의해 분해되는 과정을 느껴보세요.
몸이 언어가 되고, 언어는 움직임이 되고, 움직임은 다시 새로운 해석으로 이어집니다.

어때요, 다시 써볼 준비 되셨나요?",,"An audience participatory immersive performance and exhibition that rewrites the meaning of the body through the interaction of three subjects: AI, dancers, and the audience.

""What does it mean to use the body?""

We move our bodies every day,
but we often easily forget the meaning contained in those movements.

<Re:Choreograph> is an audience participatory exhibition & performance that begins with the fading language of the body and explores the process in which the emotions contained within are deconstructed and disassembled by other subjects.

In this exhibition, the three subjects [Audience · AI · Dancer] come together, and over 45 minutes you will undergo various transformations of meaning to ‘rewrite the meaning of the body.’

For us, choreography is not simply writing dance but the entire process in which meaning originating from the body circulates and is rewritten (Re:) (Choreograph).

Experience the process in which the meaning derived from your body becomes text and is deconstructed by AI and dancers.
The body becomes language, language becomes movement, and movement leads to new interpretations.

So, are you ready to rewrite it again?",translated,true,proper_name_or_title;mixed_language;long_text,8bdaa8f93c3a47a6cdc8606644b8ef864aec7a7379acc7a39482be6f7e8119e1,false
portfolio-en-20260806T140416Z,5e92b537-bd11-473f-8fc2-5450ac174f01:works:0,5e92b537-bd11-473f-8fc2-5450ac174f01,artist_work,works[0].role_en,role,"기획 및 연출, 경험 디자인",,"Planning and Direction, Experience Design",translated,true,proper_name_or_title,94c8db457d3378992149290b80b9e77a0ec8465c2fbea731b4fff4a733b56d26,false
portfolio-en-20260806T140416Z,5e92b537-bd11-473f-8fc2-5450ac174f01:works:0:credits:0,5e92b537-bd11-473f-8fc2-5450ac174f01,artist_work_credit,works[0].credits[0].role_en,role,연출. 경험 디자인,,Direction. Experience Design,translated,true,proper_name_or_title,e67053995805164c6c6e19f13f98200567aa5e11df4e8bbced1fb34b61524a2d,false
portfolio-en-20260806T140416Z,5e92b537-bd11-473f-8fc2-5450ac174f01:works:0:credits:1,5e92b537-bd11-473f-8fc2-5450ac174f01,artist_work_credit,works[0].credits[1].role_en,role,퍼포먼스 디렉팅,,Performance Directing,translated,true,proper_name_or_title,b312082172ea9ddc933dae9fda9dcb7bc52443c3b284bb2161cb67fadb3124d2,false
portfolio-en-20260806T140416Z,5e92b537-bd11-473f-8fc2-5450ac174f01:works:0:credits:2,5e92b537-bd11-473f-8fc2-5450ac174f01,artist_work_credit,works[0].credits[2].role_en,role,미디어 아트,,Media Art,translated,true,proper_name_or_title,e96dd3a3be3a2306e5717e092e7c19ecdf9de4fe8cd2ffe605c9a999adb23bea,false
portfolio-en-20260806T140416Z,5e92b537-bd11-473f-8fc2-5450ac174f01:works:0:credits:3,5e92b537-bd11-473f-8fc2-5450ac174f01,artist_work_credit,works[0].credits[3].role_en,role,리서치.아카이빙.웹개발,,Research. Archiving. Web Development,translated,true,proper_name_or_title,0a73a2b95eaa68d28a5b0c11e84ef537e6bb55b89ebfc86f0d273514736fe9d7,false
portfolio-en-20260806T140416Z,5e92b537-bd11-473f-8fc2-5450ac174f01:works:0:credits:4,5e92b537-bd11-473f-8fc2-5450ac174f01,artist_work_credit,works[0].credits[4].role_en,role,퍼포머,,Performer,translated,true,proper_name_or_title,76efc30f8dc3c6f8663c633234140926f208d8129adae638500bf567dc572564,false
portfolio-en-20260806T140416Z,5e92b537-bd11-473f-8fc2-5450ac174f01:works:0:credits:5,5e92b537-bd11-473f-8fc2-5450ac174f01,artist_work_credit,works[0].credits[5].role_en,role,안무,,Choreography,translated,true,proper_name_or_title;glossary_reused,488b69cfedefa3fdf7f4e33e83336121bac78e58bc1c6d5c2b52c0d84b2bead6,false
portfolio-en-20260806T140416Z,5e92b537-bd11-473f-8fc2-5450ac174f01:works:0:credits:6,5e92b537-bd11-473f-8fc2-5450ac174f01,artist_work_credit,works[0].credits[6].role_en,role,음향 감독,,Sound Director,translated,true,proper_name_or_title,d83ae70a6fa9d6ea435e9f0832f156e1a833d7ae9b4f8fdf14d48c798f462bbb,false
portfolio-en-20260806T140416Z,5e92b537-bd11-473f-8fc2-5450ac174f01:works:0:credits:7,5e92b537-bd11-473f-8fc2-5450ac174f01,artist_work_credit,works[0].credits[7].role_en,role,스텝,,Staff,translated,true,proper_name_or_title,5ffc18946009b212159d7f28b7bc623a1ecbed678f591464fbbe446285f53a23,false
portfolio-en-20260806T140416Z,5e92b537-bd11-473f-8fc2-5450ac174f01:works:0:credits:8,5e92b537-bd11-473f-8fc2-5450ac174f01,artist_work_credit,works[0].credits[8].role_en,role,주최.주관,,Host. Organizer,translated,true,proper_name_or_title,81f237679c546735d31574ede475d6bb869e77b862c0a6ba16bcf0aca7bf9b57,false
portfolio-en-20260806T140416Z,5e92b537-bd11-473f-8fc2-5450ac174f01:works:0:credits:9,5e92b537-bd11-473f-8fc2-5450ac174f01,artist_work_credit,works[0].credits[9].role_en,role,후원,,Sponsor,translated,true,proper_name_or_title,5f0dd1bc53a2e22c7ef47c805b18c46f8713e961f9edd9eeebe80a060bfc82c2,false
portfolio-en-20260806T140416Z,5e92b537-bd11-473f-8fc2-5450ac174f01:works:1,5e92b537-bd11-473f-8fc2-5450ac174f01,artist_work,works[1].title_en,title,무용 뒤집기(DanceReverse),,Dance Reverse,translated,true,proper_name_or_title;mixed_language,b2a540126b28f5985cb5e85e61b27d67b507e0298ca775225a4a49b553861a8f,false
portfolio-en-20260806T140416Z,5e92b537-bd11-473f-8fc2-5450ac174f01:works:1,5e92b537-bd11-473f-8fc2-5450ac174f01,artist_work,works[1].description_en,description,무용을 단순한 신체적 움직임이 아닌 삶과 세계를 인식하고 관계 맺는 방식으로 탐구하는 1:1 퍼포먼스.,,A 1:1 performance that explores dance not as mere physical movement but as a way of perceiving and relating to life and the world.,translated,true,proper_name_or_title,f0986ae78477cc9eb2474db6fa4f8ef65ca88097634610a07219b96681d1eb43,false
portfolio-en-20260806T140416Z,5e92b537-bd11-473f-8fc2-5450ac174f01:works:1,5e92b537-bd11-473f-8fc2-5450ac174f01,artist_work,works[1].role_en,role,기획 및 연출,,Planning and Direction,translated,true,proper_name_or_title,bcce9cb491df37923286d172a5d6e32665023d6805b749bae4b124a07a1f31c4,false
portfolio-en-20260806T140416Z,5e92b537-bd11-473f-8fc2-5450ac174f01:works:1:credits:0,5e92b537-bd11-473f-8fc2-5450ac174f01,artist_work_credit,works[1].credits[0].role_en,role,안무/역할,,Choreography/Role,translated,true,proper_name_or_title,70ee303860325afba468e626f4083748ee630d4d45072bd85f7d296db5dae115,false
portfolio-en-20260806T140416Z,5e92b537-bd11-473f-8fc2-5450ac174f01:works:1:credits:1,5e92b537-bd11-473f-8fc2-5450ac174f01,artist_work_credit,works[1].credits[1].role_en,role,기획/연출,,Planning/Direction,translated,true,proper_name_or_title,7e27a1eaaa2a651048f550e9d50f078f3b2e33488e9f8a4fb7ed0deb0d9fa80d,false
portfolio-en-20260806T140416Z,5e92b537-bd11-473f-8fc2-5450ac174f01:works:2,5e92b537-bd11-473f-8fc2-5450ac174f01,artist_work,works[2].title_en,title,박동(Pulse),,Pulse,translated,true,proper_name_or_title;mixed_language,a5b2e361d936ac7c17406380ee8d26a9ef005858baa043dbf8e097b322802cc4,false
portfolio-en-20260806T140416Z,5e92b537-bd11-473f-8fc2-5450ac174f01:works:2,5e92b537-bd11-473f-8fc2-5450ac174f01,artist_work,works[2].description_en,description,리듬과 생명력을 창작의 심장 박동으로 해석하며 예술의 기원을 탐구한 AI 생성 영화.,,An AI-generated film that interprets rhythm and vitality as the heartbeat of creation and explores the origins of art.,translated,true,proper_name_or_title;mixed_language,25bfc6b5c97837a36074cafe69d4b4a66c4e54ad1251e0f0e1b3a5ba7be1f8ea,false
portfolio-en-20260806T140416Z,5e92b537-bd11-473f-8fc2-5450ac174f01:works:2,5e92b537-bd11-473f-8fc2-5450ac174f01,artist_work,works[2].role_en,role,안무,,Choreography,translated,true,proper_name_or_title;glossary_reused,fc760bfe9674222e793f49c638407f25fd5f3c2d2a182e9473fffc182c2eca08,false
portfolio-en-20260806T140416Z,5e92b537-bd11-473f-8fc2-5450ac174f01:works:2:credits:0,5e92b537-bd11-473f-8fc2-5450ac174f01,artist_work_credit,works[2].credits[0].role_en,role,안무/역할,,Choreography/Role,translated,true,proper_name_or_title,70ee303860325afba468e626f4083748ee630d4d45072bd85f7d296db5dae115,false
portfolio-en-20260806T140416Z,5e92b537-bd11-473f-8fc2-5450ac174f01:works:3,5e92b537-bd11-473f-8fc2-5450ac174f01,artist_work,works[3].title_en,title,진찬: 기억의 향연,,Jinchan: Feast of Memory,translated,true,proper_name_or_title,c3eb38c5b505b7ace2050408dc8858608e7a98c97d983790065b3c3a02859d93,false
portfolio-en-20260806T140416Z,5e92b537-bd11-473f-8fc2-5450ac174f01:works:3,5e92b537-bd11-473f-8fc2-5450ac174f01,artist_work,works[3].description_en,description,제 62회 수원화성문화제에서의 이머시브 아트 퍼포먼스.,,An immersive art performance at the 62nd Suwon Hwaseong Cultural Festival.,translated,true,proper_name_or_title,53999e2011472d1eff9b0f367ed26e7f9b2e5c857726a3eb3d56c8482bef525a,false
portfolio-en-20260806T140416Z,5e92b537-bd11-473f-8fc2-5450ac174f01:works:3,5e92b537-bd11-473f-8fc2-5450ac174f01,artist_work,works[3].role_en,role,무용수,,Dancer,translated,true,proper_name_or_title;glossary_reused,6f37bfe35cb5d12885dccd631cf17b02985ed9437e5d566057ecb04701ef9852,false
portfolio-en-20260806T140416Z,5e92b537-bd11-473f-8fc2-5450ac174f01:works:3:credits:0,5e92b537-bd11-473f-8fc2-5450ac174f01,artist_work_credit,works[3].credits[0].role_en,role,안무/역할,,Choreography/Role,translated,true,proper_name_or_title,70ee303860325afba468e626f4083748ee630d4d45072bd85f7d296db5dae115,false
portfolio-en-20260806T140416Z,5e92b537-bd11-473f-8fc2-5450ac174f01:works:4,5e92b537-bd11-473f-8fc2-5450ac174f01,artist_work,works[4].title_en,title,화성학 실습,,Practice of Hwaseong Studies,translated,true,proper_name_or_title;abnormal_length_ratio,6f0e68f5d5e9de07381ac26b9086546ddbc66f29c2b9490087f6871df30f669d,false
portfolio-en-20260806T140416Z,5e92b537-bd11-473f-8fc2-5450ac174f01:works:4,5e92b537-bd11-473f-8fc2-5450ac174f01,artist_work,works[4].description_en,description,서울국제공연예술제(SPAF) 워크숍 공연.,,Seoul Performing Arts Festival (SPAF) workshop performance.,translated,true,proper_name_or_title;mixed_language,4bacf890157a4dc7980fbe873565ee389b35cd5b856c965018ce91f43ca0a576,false
portfolio-en-20260806T140416Z,5e92b537-bd11-473f-8fc2-5450ac174f01:works:4,5e92b537-bd11-473f-8fc2-5450ac174f01,artist_work,works[4].role_en,role,무용수,,Dancer,translated,true,proper_name_or_title;glossary_reused,6f37bfe35cb5d12885dccd631cf17b02985ed9437e5d566057ecb04701ef9852,false
portfolio-en-20260806T140416Z,5e92b537-bd11-473f-8fc2-5450ac174f01:works:4:credits:0,5e92b537-bd11-473f-8fc2-5450ac174f01,artist_work_credit,works[4].credits[0].role_en,role,안무/역할,,Choreography/Role,translated,true,proper_name_or_title,70ee303860325afba468e626f4083748ee630d4d45072bd85f7d296db5dae115,false
portfolio-en-20260806T140416Z,5e92b537-bd11-473f-8fc2-5450ac174f01:affiliations:0,5e92b537-bd11-473f-8fc2-5450ac174f01,artist_affiliations,affiliations[0].organization_en,name,퍼스 페스티벌 랩,,Perth Festival Lab,translated,true,proper_name_or_title,986a27799d3464ea0f11fae40c67e5b237db89acd0b75068ddf7b8480466a939,false
portfolio-en-20260806T140416Z,5e92b537-bd11-473f-8fc2-5450ac174f01:affiliations:1,5e92b537-bd11-473f-8fc2-5450ac174f01,artist_affiliations,affiliations[1].organization_en,name,AI & 예술 & 의학 해커톤,,AI & Art & Medicine Hackathon,translated,true,proper_name_or_title;mixed_language,bb9c4b85efb51cdb5ffa06ce13de60708aaf81f73cdf6a8692d1897de8a7c1ca,false
portfolio-en-20260806T140416Z,5e92b537-bd11-473f-8fc2-5450ac174f01:affiliations:2,5e92b537-bd11-473f-8fc2-5450ac174f01,artist_affiliations,affiliations[2].organization_en,name,LG크루 5기 홈로봇 UX리서치 팀,,LG Crew 5th Generation Home Robot UX Research Team,translated,true,proper_name_or_title;mixed_language; mixed_language,66fc1b68c190d72dc395ef616916cd13e75b99acc661c5f976d48d178abcc254,false
portfolio-en-20260806T140416Z,5e92b537-bd11-473f-8fc2-5450ac174f01:affiliations:2,5e92b537-bd11-473f-8fc2-5450ac174f01,artist_affiliations,affiliations[2].title_en,position,팀원,,Team Member,translated,true,abnormal_length_ratio,cf5e70c7330f6679ac4d636a3742df40adfabc97736f95e751ec2285d67557d0,false
portfolio-en-20260806T140416Z,5e92b537-bd11-473f-8fc2-5450ac174f01:affiliations:3,5e92b537-bd11-473f-8fc2-5450ac174f01,artist_affiliations,affiliations[3].organization_en,name,한국예술종합학교 신문,,Korea National University of Arts Newspaper,translated,true,proper_name_or_title,ce3065befa9dcd95b68052b59168db8468f99959f00ec99603bf06cee186192d,false
portfolio-en-20260806T140416Z,5e92b537-bd11-473f-8fc2-5450ac174f01:affiliations:3,5e92b537-bd11-473f-8fc2-5450ac174f01,artist_affiliations,affiliations[3].title_en,position,부편집국장,,Deputy Editor-in-Chief,translated,true,abnormal_length_ratio,1847fd6037d10ccdc0eaa38478f3ad982cd7d6b65cd794d19056186be2cbd8d3,false
portfolio-en-20260806T140416Z,5e92b537-bd11-473f-8fc2-5450ac174f01:affiliations:4,5e92b537-bd11-473f-8fc2-5450ac174f01,artist_affiliations,affiliations[4].organization_en,name,국립현대무용단 · 춤.사이 커뮤니케이터,,Korea National Contemporary Dance Company · Chum.Sai Communicator,translated,true,proper_name_or_title,79c1d7f5477a8d00ce7b43198bdffd9566539a9c835874af593a7e4d66e26752,false
portfolio-en-20260806T140416Z,5e92b537-bd11-473f-8fc2-5450ac174f01:affiliations:5,5e92b537-bd11-473f-8fc2-5450ac174f01,artist_affiliations,affiliations[5].organization_en,name,전시기획동아리 후즈아트,,Jeonsi Planning Club Who's Art,translated,true,proper_name_or_title,2a484905400256340abb7a79bd42c1f7f9c458205cacd81684b6b6330eed056a,false
portfolio-en-20260806T140416Z,5e92b537-bd11-473f-8fc2-5450ac174f01:affiliations:5,5e92b537-bd11-473f-8fc2-5450ac174f01,artist_affiliations,affiliations[5].title_en,position,기획팀.신사업기획팀,,"Planning Team, New Business Planning Team",translated,true,abnormal_length_ratio,c40ef14873654cefe5fd39fd772819fabee1d18c4ef091c8f796cae59c203bb4,false
portfolio-en-20260806T140416Z,5e92b537-bd11-473f-8fc2-5450ac174f01:awards:0,5e92b537-bd11-473f-8fc2-5450ac174f01,artist_awards,awards[0].title_en,title,HCI Korea Creative Awards — 뉴챌린지상,,HCI Korea Creative Awards — New Challenge Award,translated,true,proper_name_or_title;mixed_language,1c4e76c5d1e1a8fdf60bce4cd632ef3ec802b3e82555884959aadbbd1a571428,false
portfolio-en-20260806T140416Z,5e92b537-bd11-473f-8fc2-5450ac174f01:awards:1,5e92b537-bd11-473f-8fc2-5450ac174f01,artist_awards,awards[1].title_en,title,KARTS 젊은평론가상 전시.공연 부분 가작 수상,,KARTS Young Critics Award Exhibition and Performance Category Honorable Mention,translated,true,proper_name_or_title;mixed_language,f7fb32807a806fd3130258ca94741388f2ac486780eccf4a63f6877de01be6c8,false
portfolio-en-20260806T140416Z,5e92b537-bd11-473f-8fc2-5450ac174f01:education:1,5e92b537-bd11-473f-8fc2-5450ac174f01:education:1,artist_education,education_en[1],education,국립국악고등학교 한국무용전공,,"Graduated from National Gugak High School, Major in Korean Dance",translated,true,abnormal_length_ratio,4ffb0b7ae47bf639a40d7f0ad7abe345a225f68be18984173a2c10198efa4ec9,false
portfolio-en-20260806T140416Z,97c4e8bc-d830-4f7a-8bd9-69a6ba5ddc54,97c4e8bc-d830-4f7a-8bd9-69a6ba5ddc54,artist,name_en,name,조선재,,Jo Seonjae,translated,true,proper_name_or_title,82aa25ac74f5a35bcf4afb866ad24e8a50cb69415e1c11d1ec991e6dfe624f04,false
portfolio-en-20260806T140416Z,97c4e8bc-d830-4f7a-8bd9-69a6ba5ddc54,97c4e8bc-d830-4f7a-8bd9-69a6ba5ddc54,artist,introduction_en,bio_short,공원(GONGWON) 소속 무용수 조선재입니다.,,"Dancer Jo Seonjae, affiliated with Gongwon",translated,true,mixed_language,699fbc78d4c2956f6ee844d0dd473306eee164629c071e56fefda4c4ccef8de6,false
portfolio-en-20260806T140416Z,4f510524-5737-4890-a11b-77e9c01853f4:works:0,4f510524-5737-4890-a11b-77e9c01853f4,artist_work,works[0].title_en,title,스태프 온리,,Staff Only,translated,true,proper_name_or_title,20a107ba1f89f375989716af00ec506b83c8a7614206a336321e4850ab3fd311,false
portfolio-en-20260806T140416Z,4f510524-5737-4890-a11b-77e9c01853f4:works:0,4f510524-5737-4890-a11b-77e9c01853f4,artist_work,works[0].description_en,description,"관계자 외 출입금지
누군가에게는 허용되고, 누군가에게는 닿을 수 없는 경계.
서로를 지나고, 마주하고, 엇갈리며
변화하는 관계 속에서 장면을 만든다.
우리는 그 안과 밖을 오가며 각자의 방식으로 그 공간에 머문다.",,"No entry except authorized personnel
A boundary allowed to some, unreachable to others.
Passing by, facing, and missing each other
Creating scenes within changing relationships.
We stay in that space in our own ways, moving between inside and outside.",translated,true,proper_name_or_title,594c2eac21038f7c40e19f9a7a01f7fa9dfcbbdfc5a46d7d612d6c947faa600e,false
portfolio-en-20260806T140416Z,4f510524-5737-4890-a11b-77e9c01853f4:works:0,4f510524-5737-4890-a11b-77e9c01853f4,artist_work,works[0].role_en,role,안무,,Choreography,translated,true,proper_name_or_title;glossary_reused,fc760bfe9674222e793f49c638407f25fd5f3c2d2a182e9473fffc182c2eca08,false
portfolio-en-20260806T140416Z,4f510524-5737-4890-a11b-77e9c01853f4:works:0:credits:0,4f510524-5737-4890-a11b-77e9c01853f4,artist_work_credit,works[0].credits[0].role_en,role,안무/역할,,Choreography/Role,translated,true,proper_name_or_title,70ee303860325afba468e626f4083748ee630d4d45072bd85f7d296db5dae115,false
portfolio-en-20260806T140416Z,4f510524-5737-4890-a11b-77e9c01853f4:works:1,4f510524-5737-4890-a11b-77e9c01853f4,artist_work,works[1].role_en,role,안무,,Choreography,translated,true,proper_name_or_title;glossary_reused,fc760bfe9674222e793f49c638407f25fd5f3c2d2a182e9473fffc182c2eca08,false
portfolio-en-20260806T140416Z,4f510524-5737-4890-a11b-77e9c01853f4:works:1:credits:0,4f510524-5737-4890-a11b-77e9c01853f4,artist_work_credit,works[1].credits[0].role_en,role,안무/역할,,Choreography/Role,translated,true,proper_name_or_title,70ee303860325afba468e626f4083748ee630d4d45072bd85f7d296db5dae115,false
portfolio-en-20260806T140416Z,4f510524-5737-4890-a11b-77e9c01853f4:awards:0,4f510524-5737-4890-a11b-77e9c01853f4,artist_awards,awards[0].title_en,title,최우수 안무자상,,Best Choreographer Award,translated,true,proper_name_or_title,d94c2fb2059383f0c1c045da52485a2d1425f04e329156ee448c8264b43c9719,false
portfolio-en-20260806T140416Z,4f510524-5737-4890-a11b-77e9c01853f4:awards:0,4f510524-5737-4890-a11b-77e9c01853f4,artist_awards,awards[0].organization_en,organization,대한무용협회 (2022 젊은안무자창작공연),,Korean Dance Association (2022 Young Choreographer Creation Performance),translated,true,proper_name_or_title,1b1e0ca5e9ba81a4e0bd1e02413df562df2719305f591d57af50abacc46953c7,false
portfolio-en-20260806T140416Z,ac0e3793-c5c8-4083-bc23-c6c8592f66bc,ac0e3793-c5c8-4083-bc23-c6c8592f66bc,artist,name_en,name,송예진,,Song Ye-jin,translated,true,proper_name_or_title,37b8226b37faa7c4f3fb9f565eccb7f31af67d692b360565d32e7b41e1857174,false
portfolio-en-20260806T140416Z,ac0e3793-c5c8-4083-bc23-c6c8592f66bc:works:0,ac0e3793-c5c8-4083-bc23-c6c8592f66bc,artist_work,works[0].title_en,title,헨젤과 그레텔,,Hansel and Gretel,translated,true,proper_name_or_title,326cbbde331e963b9d989ea16ea03820f8d23dc78df41257a13046a96926edb8,false
portfolio-en-20260806T140416Z,ac0e3793-c5c8-4083-bc23-c6c8592f66bc:works:0,ac0e3793-c5c8-4083-bc23-c6c8592f66bc,artist_work,works[0].role_en,role,조연출,,Assistant Director,translated,true,proper_name_or_title;abnormal_length_ratio,c4a6ed31df317358652b1b87de75b7fd3a2959ce166bd6fc20143d023a635dd0,false
portfolio-en-20260806T140416Z,ac0e3793-c5c8-4083-bc23-c6c8592f66bc:works:1,ac0e3793-c5c8-4083-bc23-c6c8592f66bc,artist_work,works[1].title_en,title,마술피리,,The Magic Flute,translated,true,proper_name_or_title,048388545c6feeafe9238e8ea7fbe2db34290f6c52fc7c22ce08d6322820caa5,false
portfolio-en-20260806T140416Z,ac0e3793-c5c8-4083-bc23-c6c8592f66bc:works:1,ac0e3793-c5c8-4083-bc23-c6c8592f66bc,artist_work,works[1].role_en,role,조연출,,Assistant Director,translated,true,proper_name_or_title;abnormal_length_ratio,c4a6ed31df317358652b1b87de75b7fd3a2959ce166bd6fc20143d023a635dd0,false
portfolio-en-20260806T140416Z,ac0e3793-c5c8-4083-bc23-c6c8592f66bc:works:2,ac0e3793-c5c8-4083-bc23-c6c8592f66bc,artist_work,works[2].title_en,title,마술피리,,The Magic Flute,translated,true,proper_name_or_title,048388545c6feeafe9238e8ea7fbe2db34290f6c52fc7c22ce08d6322820caa5,false
portfolio-en-20260806T140416Z,ac0e3793-c5c8-4083-bc23-c6c8592f66bc:works:2,ac0e3793-c5c8-4083-bc23-c6c8592f66bc,artist_work,works[2].role_en,role,조연출,,Assistant Director,translated,true,proper_name_or_title;abnormal_length_ratio,c4a6ed31df317358652b1b87de75b7fd3a2959ce166bd6fc20143d023a635dd0,false
portfolio-en-20260806T140416Z,ac0e3793-c5c8-4083-bc23-c6c8592f66bc:affiliations:0,ac0e3793-c5c8-4083-bc23-c6c8592f66bc,artist_affiliations,affiliations[0].organization_en,name,성신콘서트콰이어,,Sungshin Concert Choir,translated,true,proper_name_or_title,658382a18a98ff89dbf57149dc478cae146909011e766b854f131ee61a4ad286,false
portfolio-en-20260806T140416Z,ac0e3793-c5c8-4083-bc23-c6c8592f66bc:education:0,ac0e3793-c5c8-4083-bc23-c6c8592f66bc:education:0,artist_education,education_en[0],education,성신여자대학교 음악대학 성악과 졸업,,"Graduated from the Department of Vocal Music, College of Music, Sungshin Women's University",translated,true,abnormal_length_ratio,cb1be7660b49644911ab6ef8c27c39b8b530b996cd15839c1e69368c3d37a9fc,false
portfolio-en-20260806T140416Z,4be56253-d5e3-4531-9485-34a03a6958b1,4be56253-d5e3-4531-9485-34a03a6958b1,artist,name_en,name,민경원,,Min Kyung-won,translated,true,proper_name_or_title;abnormal_length_ratio,f2cd1719f9d09e1a5c809910727601f3fe0dcb539e3eacb60dde3cfe95a13623,false
portfolio-en-20260806T140416Z,4be56253-d5e3-4531-9485-34a03a6958b1,4be56253-d5e3-4531-9485-34a03a6958b1,artist,introduction_en,bio_short,공원(GONGWON) 소속 무용수 민경원입니다.,,Dancer Min Kyung-won affiliated with GONGWON.,translated,true,mixed_language,66831de7b634d3e871419b295f392ac0b709daffbbc93762255c3e214a6a0a24,false
portfolio-en-20260806T140416Z,75ad56ee-fc5d-455a-8e22-a8b7625887a0,75ad56ee-fc5d-455a-8e22-a8b7625887a0,artist,name_en,name,유예리(yeri),,Yeri Yu,translated,true,proper_name_or_title;mixed_language,5499aa54c8858e6a66d44271fd3446a4abe562d2fac3f79974db4fcf761f11de,false
portfolio-en-20260806T140416Z,75ad56ee-fc5d-455a-8e22-a8b7625887a0,75ad56ee-fc5d-455a-8e22-a8b7625887a0,artist,bio_en,bio,"이 무용수는 다양한 국내외 무대에서 활약하고 있는 한국무용가입니다. 주요 공연으로는<귀신날:도시의밤>,<No matter>,<흐르다>,<개한테 물린 적이 있다>에서의 활약과 칸 댄스 페스티벌 등 여러 국제 페스티벌에서의 참가가 있습니다. 보훈무용예술협회의 작가전에서도 뛰어난 연기로 수상한 바 있으며, 다수의 경쟁에 참가하고 있습니다.",,"This dancer is a Korean Dance artist active on various domestic and international stages. Major performances include <Ghost Day: Night of the City>, <No matter>, <Flow>, and <Bitten by a Dog>, as well as participation in several international festivals such as the Cannes Dance Festival. The artist has also been awarded for outstanding performance at the Veterans Dance Arts Association's author exhibition and has participated in numerous competitions.",translated,true,mixed_language,bf9c5b53d233712c8964ba009dbf0b3cd55e6de619cd6dabfc619d525c0e4ecf,false
portfolio-en-20260806T140416Z,75ad56ee-fc5d-455a-8e22-a8b7625887a0:works:0,75ad56ee-fc5d-455a-8e22-a8b7625887a0,artist_work,works[0].description_en,description,Hervé KOUBI 무용단 작품.,,Work by the Hervé KOUBI Dance Company.,translated,true,proper_name_or_title;mixed_language,b3acfd34af3b3943b3a51718e8c6608717805e1a964987ed46fdd01c93d63d69,false
portfolio-en-20260806T140416Z,75ad56ee-fc5d-455a-8e22-a8b7625887a0:works:0,75ad56ee-fc5d-455a-8e22-a8b7625887a0,artist_work,works[0].role_en,role,무용수,,Dancer,translated,true,proper_name_or_title;glossary_reused,6f37bfe35cb5d12885dccd631cf17b02985ed9437e5d566057ecb04701ef9852,false
portfolio-en-20260806T140416Z,75ad56ee-fc5d-455a-8e22-a8b7625887a0:works:0:credits:0,75ad56ee-fc5d-455a-8e22-a8b7625887a0,artist_work_credit,works[0].credits[0].role_en,role,안무/역할,,Choreography/Role,translated,true,proper_name_or_title,70ee303860325afba468e626f4083748ee630d4d45072bd85f7d296db5dae115,false
portfolio-en-20260806T140416Z,75ad56ee-fc5d-455a-8e22-a8b7625887a0:works:1,75ad56ee-fc5d-455a-8e22-a8b7625887a0,artist_work,works[1].title_en,title,흐르다,,Flow,translated,true,proper_name_or_title,ff826bd4a576d2a1e7150c9f801c506de9789096714762db24825a3caf697f0c,false
portfolio-en-20260806T140416Z,75ad56ee-fc5d-455a-8e22-a8b7625887a0:works:1,75ad56ee-fc5d-455a-8e22-a8b7625887a0,artist_work,works[1].description_en,description,서울국제안무페스티벌 개막 초청공연 작품.,,Opening invited performance at the Seoul International Choreography Festival.,translated,true,proper_name_or_title,3ba580d1bd3be544bc60d4ea37c6a16678db2019478db45bd33cb65c7146baf4,false
portfolio-en-20260806T140416Z,75ad56ee-fc5d-455a-8e22-a8b7625887a0:works:1,75ad56ee-fc5d-455a-8e22-a8b7625887a0,artist_work,works[1].role_en,role,무용수,,Dancer,translated,true,proper_name_or_title;glossary_reused,6f37bfe35cb5d12885dccd631cf17b02985ed9437e5d566057ecb04701ef9852,false
portfolio-en-20260806T140416Z,75ad56ee-fc5d-455a-8e22-a8b7625887a0:works:1:credits:0,75ad56ee-fc5d-455a-8e22-a8b7625887a0,artist_work_credit,works[1].credits[0].role_en,role,안무/역할,,Choreography/Role,translated,true,proper_name_or_title,70ee303860325afba468e626f4083748ee630d4d45072bd85f7d296db5dae115,false
portfolio-en-20260806T140416Z,75ad56ee-fc5d-455a-8e22-a8b7625887a0:works:2,75ad56ee-fc5d-455a-8e22-a8b7625887a0,artist_work,works[2].title_en,title,귀신날:도시의 밤,,Ghost Day: Night of the City,translated,true,proper_name_or_title,881b8ac82c7631ae1b214032a5762e884c193e867b3f361b78882513edc4f9a3,false
portfolio-en-20260806T140416Z,75ad56ee-fc5d-455a-8e22-a8b7625887a0:works:2,75ad56ee-fc5d-455a-8e22-a8b7625887a0,artist_work,works[2].description_en,description,"김주빈 안무가의 작품으로 유럽풍 서커스와 한국무용,컨템포러리가 섞인 대중성 있는 예술작품",,"A work by choreographer Kim Ju-bin combining European-style circus, Korean Dance, and Contemporary Dance into an accessible artistic piece",translated,true,proper_name_or_title,1b7131cb92b7c2c95a1b10ff25ed3b75eb91bf79cbdd32c0e6ed73f7c07e50b4,false
portfolio-en-20260806T140416Z,75ad56ee-fc5d-455a-8e22-a8b7625887a0:works:2,75ad56ee-fc5d-455a-8e22-a8b7625887a0,artist_work,works[2].role_en,role,무용수,,Dancer,translated,true,proper_name_or_title;glossary_reused,6f37bfe35cb5d12885dccd631cf17b02985ed9437e5d566057ecb04701ef9852,false
portfolio-en-20260806T140416Z,75ad56ee-fc5d-455a-8e22-a8b7625887a0:works:2:credits:0,75ad56ee-fc5d-455a-8e22-a8b7625887a0,artist_work_credit,works[2].credits[0].role_en,role,안무/역할,,Choreography/Role,translated,true,proper_name_or_title,70ee303860325afba468e626f4083748ee630d4d45072bd85f7d296db5dae115,false
portfolio-en-20260806T140416Z,75ad56ee-fc5d-455a-8e22-a8b7625887a0:works:3,75ad56ee-fc5d-455a-8e22-a8b7625887a0,artist_work,works[3].title_en,title,개한테 물린 적이 있다,,Bitten by a Dog,translated,true,proper_name_or_title,45d85cb8445b7e2eb9b43935a3b2cbfc8a2c3968be652c3580ab1ae3bd35894e,false
portfolio-en-20260806T140416Z,75ad56ee-fc5d-455a-8e22-a8b7625887a0:works:3,75ad56ee-fc5d-455a-8e22-a8b7625887a0,artist_work,works[3].role_en,role,무용수,,Dancer,translated,true,proper_name_or_title;glossary_reused,6f37bfe35cb5d12885dccd631cf17b02985ed9437e5d566057ecb04701ef9852,false
portfolio-en-20260806T140416Z,75ad56ee-fc5d-455a-8e22-a8b7625887a0:works:3:credits:0,75ad56ee-fc5d-455a-8e22-a8b7625887a0,artist_work_credit,works[3].credits[0].role_en,role,안무/역할,,Choreography/Role,translated,true,proper_name_or_title,70ee303860325afba468e626f4083748ee630d4d45072bd85f7d296db5dae115,false
portfolio-en-20260806T140416Z,75ad56ee-fc5d-455a-8e22-a8b7625887a0:works:4,75ad56ee-fc5d-455a-8e22-a8b7625887a0,artist_work,works[4].title_en,title,윤회매십전,,Yunhoemaesipjeon,translated,true,proper_name_or_title,08808a7534b4470bfdf8f8c578eec2c330d47848737021bf94edd9bf40448998,false
portfolio-en-20260806T140416Z,75ad56ee-fc5d-455a-8e22-a8b7625887a0:works:4,75ad56ee-fc5d-455a-8e22-a8b7625887a0,artist_work,works[4].role_en,role,무용수,,Dancer,translated,true,proper_name_or_title;glossary_reused,6f37bfe35cb5d12885dccd631cf17b02985ed9437e5d566057ecb04701ef9852,false
portfolio-en-20260806T140416Z,75ad56ee-fc5d-455a-8e22-a8b7625887a0:works:4:credits:0,75ad56ee-fc5d-455a-8e22-a8b7625887a0,artist_work_credit,works[4].credits[0].role_en,role,안무/역할,,Choreography/Role,translated,true,proper_name_or_title,70ee303860325afba468e626f4083748ee630d4d45072bd85f7d296db5dae115,false
portfolio-en-20260806T140416Z,75ad56ee-fc5d-455a-8e22-a8b7625887a0:works:5,75ad56ee-fc5d-455a-8e22-a8b7625887a0,artist_work,works[5].role_en,role,무용수,,Dancer,translated,true,proper_name_or_title;glossary_reused,6f37bfe35cb5d12885dccd631cf17b02985ed9437e5d566057ecb04701ef9852,false
portfolio-en-20260806T140416Z,75ad56ee-fc5d-455a-8e22-a8b7625887a0:works:5:credits:0,75ad56ee-fc5d-455a-8e22-a8b7625887a0,artist_work_credit,works[5].credits[0].role_en,role,안무/역할,,Choreography/Role,translated,true,proper_name_or_title,70ee303860325afba468e626f4083748ee630d4d45072bd85f7d296db5dae115,false
portfolio-en-20260806T140416Z,75ad56ee-fc5d-455a-8e22-a8b7625887a0:works:6,75ad56ee-fc5d-455a-8e22-a8b7625887a0,artist_work,works[6].title_en,title,"Ecology 춤, 순환의 여정",,"Ecology Dance, Journey of Circulation",translated,true,proper_name_or_title;mixed_language,44d5997948d8f7cbe6c428b603d33212fed7b09a52736347e66a65bddcac2d5b,false
portfolio-en-20260806T140416Z,75ad56ee-fc5d-455a-8e22-a8b7625887a0:works:6,75ad56ee-fc5d-455a-8e22-a8b7625887a0,artist_work,works[6].role_en,role,무용수,,Dancer,translated,true,proper_name_or_title;glossary_reused,6f37bfe35cb5d12885dccd631cf17b02985ed9437e5d566057ecb04701ef9852,false
portfolio-en-20260806T140416Z,75ad56ee-fc5d-455a-8e22-a8b7625887a0:works:6:credits:0,75ad56ee-fc5d-455a-8e22-a8b7625887a0,artist_work_credit,works[6].credits[0].role_en,role,안무/역할,,Choreography/Role,translated,true,proper_name_or_title,70ee303860325afba468e626f4083748ee630d4d45072bd85f7d296db5dae115,false
portfolio-en-20260806T140416Z,75ad56ee-fc5d-455a-8e22-a8b7625887a0:works:7,75ad56ee-fc5d-455a-8e22-a8b7625887a0,artist_work,works[7].title_en,title,KBS 아침마당 명불허전 235회,,KBS Morning Yard Myungbulheojeon Episode 235,translated,true,proper_name_or_title;mixed_language,2ae4fe415659f2e07567edf7c1f4772b3175d1930e9882d6d575ed21c03a3d87,false
portfolio-en-20260806T140416Z,75ad56ee-fc5d-455a-8e22-a8b7625887a0:works:7,75ad56ee-fc5d-455a-8e22-a8b7625887a0,artist_work,works[7].role_en,role,출연,,Performance,translated,true,proper_name_or_title;glossary_reused,47b45cdba8c7015210b0d4e7f7825a02adc005a12e13d98f491ab71419dd915e,false
portfolio-en-20260806T140416Z,75ad56ee-fc5d-455a-8e22-a8b7625887a0:works:7:credits:0,75ad56ee-fc5d-455a-8e22-a8b7625887a0,artist_work_credit,works[7].credits[0].role_en,role,안무/역할,,Choreography/Role,translated,true,proper_name_or_title,70ee303860325afba468e626f4083748ee630d4d45072bd85f7d296db5dae115,false
portfolio-en-20260806T140416Z,75ad56ee-fc5d-455a-8e22-a8b7625887a0:works:8,75ad56ee-fc5d-455a-8e22-a8b7625887a0,artist_work,works[8].title_en,title,"미동,번뇌하다",,"Midong, To Be Tormented",translated,true,proper_name_or_title,cd34fc09229f169a84c88897f6df3b9dd3fdb2889336278c688e119c2d293511,false
portfolio-en-20260806T140416Z,75ad56ee-fc5d-455a-8e22-a8b7625887a0:works:8,75ad56ee-fc5d-455a-8e22-a8b7625887a0,artist_work,works[8].role_en,role,출연,,Performance,translated,true,proper_name_or_title;glossary_reused,47b45cdba8c7015210b0d4e7f7825a02adc005a12e13d98f491ab71419dd915e,false
portfolio-en-20260806T140416Z,75ad56ee-fc5d-455a-8e22-a8b7625887a0:works:8:credits:0,75ad56ee-fc5d-455a-8e22-a8b7625887a0,artist_work_credit,works[8].credits[0].role_en,role,안무/역할,,Choreography/Role,translated,true,proper_name_or_title,70ee303860325afba468e626f4083748ee630d4d45072bd85f7d296db5dae115,false
portfolio-en-20260806T140416Z,75ad56ee-fc5d-455a-8e22-a8b7625887a0:works:9,75ad56ee-fc5d-455a-8e22-a8b7625887a0,artist_work,works[9].role_en,role,안무 및 출연,,Choreography and Performance,translated,true,proper_name_or_title,261bd708be25393bf9eb11d57ae0ff9f1372bf315fef3015694d7f367edd0287,false
portfolio-en-20260806T140416Z,75ad56ee-fc5d-455a-8e22-a8b7625887a0:works:9:credits:0,75ad56ee-fc5d-455a-8e22-a8b7625887a0,artist_work_credit,works[9].credits[0].role_en,role,안무/역할,,Choreography/Role,translated,true,proper_name_or_title,70ee303860325afba468e626f4083748ee630d4d45072bd85f7d296db5dae115,false
portfolio-en-20260806T140416Z,75ad56ee-fc5d-455a-8e22-a8b7625887a0:works:10,75ad56ee-fc5d-455a-8e22-a8b7625887a0,artist_work,works[10].title_en,title,국립국악원X서도밴드 뮤비,,National Gugak Center X Seodo Band Music Video,translated,true,proper_name_or_title;mixed_language,bce101a611d37b4075340368f385a84418d2d81093f7a09c3bda7d080c1a5061,false
portfolio-en-20260806T140416Z,75ad56ee-fc5d-455a-8e22-a8b7625887a0:works:10,75ad56ee-fc5d-455a-8e22-a8b7625887a0,artist_work,works[10].role_en,role,무용수,,Dancer,translated,true,proper_name_or_title;glossary_reused,6f37bfe35cb5d12885dccd631cf17b02985ed9437e5d566057ecb04701ef9852,false
portfolio-en-20260806T140416Z,75ad56ee-fc5d-455a-8e22-a8b7625887a0:works:10:credits:0,75ad56ee-fc5d-455a-8e22-a8b7625887a0,artist_work_credit,works[10].credits[0].role_en,role,안무/역할,,Choreography/Role,translated,true,proper_name_or_title,70ee303860325afba468e626f4083748ee630d4d45072bd85f7d296db5dae115,false
portfolio-en-20260806T140416Z,75ad56ee-fc5d-455a-8e22-a8b7625887a0:affiliations:0,75ad56ee-fc5d-455a-8e22-a8b7625887a0,artist_affiliations,affiliations[0].title_en,position,단원,,Company Member,translated,true,abnormal_length_ratio,4c3353ddd37b00ef7d01622bb95e79bf6a27548325b1a41f8a1b4de082af3844,false
portfolio-en-20260806T140416Z,75ad56ee-fc5d-455a-8e22-a8b7625887a0:affiliations:1,75ad56ee-fc5d-455a-8e22-a8b7625887a0,artist_affiliations,affiliations[1].title_en,position,단원,,Company Member,translated,true,abnormal_length_ratio,4c3353ddd37b00ef7d01622bb95e79bf6a27548325b1a41f8a1b4de082af3844,false
portfolio-en-20260806T140416Z,75ad56ee-fc5d-455a-8e22-a8b7625887a0:awards:0,75ad56ee-fc5d-455a-8e22-a8b7625887a0,artist_awards,awards[0].title_en,title,보훈무용예술협회 제 7회 춤 작가전 연기상,,7th Dance Writers Exhibition Acting Award by the Bohun Dance Arts Association,translated,true,proper_name_or_title,0fb9a2682473bfb3b013dfb8ac39646bf51463fba0ff0e14de3706e4eebd6284,false
portfolio-en-20260806T140416Z,75ad56ee-fc5d-455a-8e22-a8b7625887a0:awards:0,75ad56ee-fc5d-455a-8e22-a8b7625887a0,artist_awards,awards[0].organization_en,organization,보훈무용예술협회,,Bohun Dance Arts Association,translated,true,proper_name_or_title,ab1821d183e3b59ad3cc82255c903c787dec26266bc6ed31b312457e3e082956,false
portfolio-en-20260806T140416Z,75ad56ee-fc5d-455a-8e22-a8b7625887a0:awards:1,75ad56ee-fc5d-455a-8e22-a8b7625887a0,artist_awards,awards[1].title_en,title,한국창작부문 대학부 여자 금상,,"Gold Prize, Korean Creative Division, University Female Category",translated,true,proper_name_or_title,d0bc23d4493704058acbdee1220951b4937f8ad3be567911613b427f732c9a85,false
portfolio-en-20260806T140416Z,75ad56ee-fc5d-455a-8e22-a8b7625887a0:awards:1,75ad56ee-fc5d-455a-8e22-a8b7625887a0,artist_awards,awards[1].organization_en,organization,CAD 코리아댄스 그랑프리 콩쿠르,,CAD Korea Dance Grand Prix Competition,translated,true,proper_name_or_title;mixed_language,c682c4576bbd534ad362c8c7dd54a759bacef89212c8c82ef7f93ac3d1100baa,false
portfolio-en-20260806T140416Z,75ad56ee-fc5d-455a-8e22-a8b7625887a0:awards:1,75ad56ee-fc5d-455a-8e22-a8b7625887a0,artist_awards,awards[1].result_en,result,금상,,Gold Prize,translated,true,abnormal_length_ratio,aeeafb209e9f4e125c7bb2597162080bb2ed2b1df640c12f41e5f9c6fcf50133,false
portfolio-en-20260806T140416Z,75ad56ee-fc5d-455a-8e22-a8b7625887a0:awards:2,75ad56ee-fc5d-455a-8e22-a8b7625887a0,artist_awards,awards[2].title_en,title,CAD 코리아댄스 그랑프리 콩쿠르 한국창작부분 대학부 여자,,CAD Korea Dance Grand Prix Competition Korean Creative Division University Female Category,translated,true,proper_name_or_title;mixed_language,b2213122da3666792b888e9d425571bc19260ca112d549c6fb99424bd0eb4167,false
portfolio-en-20260806T140416Z,75ad56ee-fc5d-455a-8e22-a8b7625887a0:awards:2,75ad56ee-fc5d-455a-8e22-a8b7625887a0,artist_awards,awards[2].result_en,result,금상,,Gold Prize,translated,true,abnormal_length_ratio,aeeafb209e9f4e125c7bb2597162080bb2ed2b1df640c12f41e5f9c6fcf50133,false
portfolio-en-20260806T140416Z,75ad56ee-fc5d-455a-8e22-a8b7625887a0:awards:3,75ad56ee-fc5d-455a-8e22-a8b7625887a0,artist_awards,awards[3].title_en,title,한국무용 대학부 여자 대상,,Korean Dance University Female Grand Prize,translated,true,proper_name_or_title,46f12d38a52af77c907484a09a33ccc7737eb49aa5b2dc0320ad152eaa7eed85,false
portfolio-en-20260806T140416Z,75ad56ee-fc5d-455a-8e22-a8b7625887a0:awards:3,75ad56ee-fc5d-455a-8e22-a8b7625887a0,artist_awards,awards[3].organization_en,organization,보훈전국무용경연대회,,Bohun National Dance Competition,translated,true,proper_name_or_title,82351f20af10e078757bc4f5af2012378f52c7971791e2dfd8d553ba8d7915b4,false
portfolio-en-20260806T140416Z,75ad56ee-fc5d-455a-8e22-a8b7625887a0:awards:3,75ad56ee-fc5d-455a-8e22-a8b7625887a0,artist_awards,awards[3].result_en,result,대상,,Grand Prize,translated,true,abnormal_length_ratio,40509ac18a3d5501ff161ab01ef9228e0bccdbc1e68fc36ee0ff7958724d9fff,false
portfolio-en-20260806T140416Z,75ad56ee-fc5d-455a-8e22-a8b7625887a0:awards:4,75ad56ee-fc5d-455a-8e22-a8b7625887a0,artist_awards,awards[4].title_en,title,보훈전국무용경연대회 한국무용 대학부 여자,,Bohun National Dance Competition Korean Dance University Female Category,translated,true,proper_name_or_title,af3bff12ae9a24c9df0242dbcb3bc7400e157b0fa7690f71226b8ab97027ea5e,false
portfolio-en-20260806T140416Z,75ad56ee-fc5d-455a-8e22-a8b7625887a0:awards:4,75ad56ee-fc5d-455a-8e22-a8b7625887a0,artist_awards,awards[4].result_en,result,대상,,Grand Prize,translated,true,abnormal_length_ratio,40509ac18a3d5501ff161ab01ef9228e0bccdbc1e68fc36ee0ff7958724d9fff,false
portfolio-en-20260806T140416Z,75ad56ee-fc5d-455a-8e22-a8b7625887a0:competitions:0,75ad56ee-fc5d-455a-8e22-a8b7625887a0,artist_competitions,competitions[0].title_en,title,서울국제무용콩쿠르,,Seoul International Dance Competition,translated,true,proper_name_or_title;abnormal_length_ratio,627752b33d54c9f22de9010f306fe46e7a450c6fc576c580c1f398bf6713b1a9,false
portfolio-en-20260806T140416Z,75ad56ee-fc5d-455a-8e22-a8b7625887a0:competitions:1,75ad56ee-fc5d-455a-8e22-a8b7625887a0,artist_competitions,competitions[1].title_en,title,전국신인무용콩쿠르,,National Newcomer Dance Competition,translated,true,proper_name_or_title,cc9ca5ffe78c631df6d03d1e8d94cb8761645beba11e04783b98d6263856dfc0,false
portfolio-en-20260806T140416Z,75ad56ee-fc5d-455a-8e22-a8b7625887a0:competitions:2,75ad56ee-fc5d-455a-8e22-a8b7625887a0,artist_competitions,competitions[2].title_en,title,서울국제무용콩쿠르,,Seoul International Dance Competition,translated,true,proper_name_or_title;abnormal_length_ratio,627752b33d54c9f22de9010f306fe46e7a450c6fc576c580c1f398bf6713b1a9,false
portfolio-en-20260806T140416Z,f390f8d7-54e2-4479-9e56-fc079e148393,f390f8d7-54e2-4479-9e56-fc079e148393,artist,name_en,name,이경엽,,Lee Kyung-yeop,translated,true,proper_name_or_title;abnormal_length_ratio,b77701790f97834d7a5f7d38d46debcdc68dab830860613fed1fb811a5873e37,false
portfolio-en-20260806T140416Z,f390f8d7-54e2-4479-9e56-fc079e148393,f390f8d7-54e2-4479-9e56-fc079e148393,artist,introduction_en,bio_short,공원(GONGWON) 소속 무용수 이경엽입니다.,,Dancer Lee Kyung-yeop affiliated with GONGWON.,translated,true,mixed_language,cf1b09280a26cb99720d8cf746e4bcd844d6798a5ca095a8e534f8bece743604,false
portfolio-en-20260806T140416Z,a9160f87-d6cf-438f-92ce-26c4d997839d:works:0,a9160f87-d6cf-438f-92ce-26c4d997839d,artist_work,works[0].description_en,description,"KISU DS [Whale in the Daylight!]

“가장 푸르른 꿈이 물결쳐 올 때, 내 손을 잡아. 뜨겁게 세상 끝까지! We'll be there”

〈Whale in the Daylight!〉은 아직 길을 헤매고 있는 젊은 청춘들이 거친 파도를 딛고 반짝이는 바다를 유영하는 여정을 담은 곡이다. 정해진 항로 없이 힘차게 자신의 길을 걷는 이들 앞에 눈부시게 아름다운 거대한 고래가 나타나 푸른 바다로 인도하는 장면은 불안한 인생 속, 그렇기에 더 선명하게 빛나는 가능성을 그려낸다.

곡은 탄탄한 밴드 사운드를 바탕으로 한 모던 록 트랙으로 청량하면서도 중독성 있게 뻗어 나가는 기타 리프와 힘 있게 몰아치는 리듬이 가사 속 여정의 역동을 그대로 살려낸다. 잔잔하게 출발해 후렴에서 단숨에 터지는 구성은 거친 파도를 딛고 뛰어드는 곡의 메시지와 맞물리며 듣는 이의 가슴을 끌어올린다.

KISU 특유의 부드러우면서도 짙은 호소력을 지닌 미성이 더해지며, 곡의 항해는 한층 더 깊고 따뜻한 울림으로 완성된다.


Executive Producer SM UNIVERSE
Executive Music & Sound Supervised by Haein Rachel Park

Producing Directed, Planning & Development by Ayoung Cho
A&R by Ayoung Cho, WOOJAE
Project Communication by Soonyoung Kim, WOOJAE
Music Distribution Planning by Jasper

Vocal by KISU
Lyrics by Pete S. Kim, 이일오, Kyoie, dee(p)ony, Ryoka, WannaSHINe, EOB, 박소피(Sophle), 홍도현
Composed by INFX, WannaSHINe, EOB, 박소피(Sophle), 홍도현

Background Vocals by KISU, EOB, Pete S. Kim, WannaSHINe
Guitar by Pete S. Kim, 나원호
Drums by INFX
Bass by 홍도현
MIDI Programming by INFX, 홍도현
Synthesizer & Keys by INFX

Vocal Directed by 박장현(Somebody's Tale)
Vocal Recording by Junhyeok Park @SM UNIVERSE
Vocal Tune & Editing by Junhyeok Park @SM UNIVERSE, 박장현(Somebody's Tale)
Mixed by Junhyeok Park @SM UNIVERSE, 박장현(Somebody's Tale)
Mastered by Joseph J. Park @HBMS

M/V Production by Fromus Film@fromus_film
Directed by Han Sujin @truman_bluesy

Special thanks to.
Publishing Mentor. JINBYJIN, Lia Kim @Kreation Music Rights
Songwriting Mentor. INFX, Corbin, ChaMane, PHINY, Aden K., Smooth Life, KIMU, Noche
Vocal Mentor. Taejun Kim @SM UNIVERSE
Visual AI & VFX Video Mentor. Jinsung Kim",,"KISU DS [Whale in the Daylight!]

""When the greenest dream waves rise, hold my hand. Passionately to the end of the world! We'll be there.""

""Whale in the Daylight!"" is a piece depicting the journey of young people still searching for their path, overcoming rough waves and swimming through a sparkling sea. The scene where a dazzlingly beautiful giant whale appears without a set course and leads them to the blue sea portrays the possibility that shines more vividly amid an uncertain life.

The piece is a modern rock track based on solid band sounds, with refreshing and addictive guitar riffs and powerful rhythms that vividly express the dynamic journey in the lyrics. The structure, starting calmly and bursting out in the chorus, aligns with the message of overcoming rough waves and plunging forward, stirring the listener's heart.

KISU's uniquely soft yet deep appealing voice adds depth and warmth to the voyage of the piece.

Executive Producer SM UNIVERSE
Executive Music & Sound Supervised by Haein Rachel Park

Producing Directed, Planning & Development by Ayoung Cho
A&R by Ayoung Cho, WOOJAE
Project Communication by Soonyoung Kim, WOOJAE
Music Distribution Planning by Jasper

Vocal by KISU
Lyrics by Pete S. Kim, Lee Il-oh, Kyoie, dee(p)ony, Ryoka, WannaSHINe, EOB, Park Sophie (Sophle), Hong Dohyun
Composed by INFX, WannaSHINe, EOB, Park Sophie (Sophle), Hong Dohyun

Background Vocals by KISU, EOB, Pete S. Kim, WannaSHINe
Guitar by Pete S. Kim, Na Wonho
Drums by INFX
Bass by Hong Dohyun
MIDI Programming by INFX, Hong Dohyun
Synthesizer & Keys by INFX

Vocal Directed by Park Janghyun (Somebody's Tale)
Vocal Recording by Junhyeok Park @SM UNIVERSE
Vocal Tune & Editing by Junhyeok Park @SM UNIVERSE, Park Janghyun (Somebody's Tale)
Mixed by Junhyeok Park @SM UNIVERSE, Park Janghyun (Somebody's Tale)
Mastered by Joseph J. Park @HBMS

M/V Production by Fromus Film @fromus_film
Directed by Han Sujin @truman_bluesy

Special thanks to.
Publishing Mentor: JINBYJIN, Lia Kim @Kreation Music Rights
Songwriting Mentor: INFX, Corbin, ChaMane, PHINY, Aden K., Smooth Life, KIMU, Noche
Vocal Mentor: Taejun Kim @SM UNIVERSE
Visual AI & VFX Video Mentor: Jinsung Kim",translated,true,proper_name_or_title;mixed_language;long_text,977d0d227f1a1d687b2f6dab627a6d2133538c3e41ec6e3fb0c2cd6317a2d65d,false
portfolio-en-20260806T140416Z,a9160f87-d6cf-438f-92ce-26c4d997839d:works:0,a9160f87-d6cf-438f-92ce-26c4d997839d,artist_work,works[0].role_en,role,"작곡가, 작사가",,"Composer, Lyricist",translated,true,proper_name_or_title,ee93dbb84741e1b102d443e546ceacd44745b4f449e11324be3e0dd788381a72,false
portfolio-en-20260806T140416Z,55f55437-45f4-4e9d-b9a7-691053c8a8a7,55f55437-45f4-4e9d-b9a7-691053c8a8a7,artist,name_en,name,문서연,,Moon Seoyeon,translated,true,proper_name_or_title,cf63b14ee585e80925d9b44e3d0101c295d210bed6c3934243b161f0691d548b,false
portfolio-en-20260806T140416Z,55f55437-45f4-4e9d-b9a7-691053c8a8a7:education:0,55f55437-45f4-4e9d-b9a7-691053c8a8a7:education:0,artist_education,education_en[0],education,경희대학교 무용학부 3학년 재학,,"Currently enrolled as a third-year student in the Department of Dance, Kyung Hee University",translated,true,abnormal_length_ratio,bb4b7bc9ebe81d8bbd052a5d6f7276c5ff9d5001d0806995709138c71ca52b96,false
portfolio-en-20260806T140416Z,ddf795ac-0a8a-45f7-b893-88712bec3e48,ddf795ac-0a8a-45f7-b893-88712bec3e48,company,introduction_en,bio_short,"안은미는 한국 현대무용을 대표하는 안무가로, 대담한 시각언어와 사회적 메시지를 결합한 작업으로 잘 알려져 있다. 〈드래곤즈〉는 아시아의 용을 모",,"Eunmi An is a leading choreographer in Korean contemporary dance, known for works combining bold visual language and social messages. ""Dragons"" is an experimental choreography inspired by the Asian dragon motif, which toured internationally including the UK, and ""Woman, Woman"" highlights the life of modern Korean women with lavish stage and music.",translated,true,abnormal_length_ratio,95c72c32215e45e5191faa14138312330f9021318e8df8ad4a6196e749c86690,false
portfolio-en-20260806T140416Z,ddf795ac-0a8a-45f7-b893-88712bec3e48:core_values:0,ddf795ac-0a8a-45f7-b893-88712bec3e48:core_values:0,company_core_value,core_values_en[0],core_value,무용단,,Dance Company,translated,true,abnormal_length_ratio,384e61d6fb1583a50951304eb5ced9c8ccf6db498b018af5523c2e073d77492e,false
portfolio-en-20260806T140416Z,ddf795ac-0a8a-45f7-b893-88712bec3e48:core_values:1,ddf795ac-0a8a-45f7-b893-88712bec3e48:core_values:1,company_core_value,core_values_en[1],core_value,현대무용,,Contemporary Dance,translated,true,abnormal_length_ratio,eb07f7b201b1b7778292f03eccfc62b57eb9054652265b0841f6fa8ff7924659,false
portfolio-en-20260806T140416Z,ddf795ac-0a8a-45f7-b893-88712bec3e48:works:0,ddf795ac-0a8a-45f7-b893-88712bec3e48,company_work,works[0].title_en,title,조상님께 바치는 댄스,,Dance Dedicated to Ancestors,translated,true,proper_name_or_title,a9b07b3de5b873ec8b79deef4dfbab9629d2fd272b9e3e432766282b55a00d63,false
portfolio-en-20260806T140416Z,ddf795ac-0a8a-45f7-b893-88712bec3e48:works:0,ddf795ac-0a8a-45f7-b893-88712bec3e48,company_work,works[0].role_en,role,아티스트,,Artist,translated,true,proper_name_or_title,59e4694e19641f67b4ae2cffb19a7f0195fda1b676a53737dc573c05bcb02399,false
portfolio-en-20260806T140416Z,ddf795ac-0a8a-45f7-b893-88712bec3e48:works:1,ddf795ac-0a8a-45f7-b893-88712bec3e48,company_work,works[1].title_en,title,대심땅쓰,,Daesimttangssu,translated,true,proper_name_or_title,95bab45c8151cd42d71ca46bcf72b4a110fee1de7cad497876788e5236b036c7,false
portfolio-en-20260806T140416Z,ddf795ac-0a8a-45f7-b893-88712bec3e48:works:1,ddf795ac-0a8a-45f7-b893-88712bec3e48,company_work,works[1].role_en,role,아티스트,,Artist,translated,true,proper_name_or_title,59e4694e19641f67b4ae2cffb19a7f0195fda1b676a53737dc573c05bcb02399,false
portfolio-en-20260806T140416Z,ddf795ac-0a8a-45f7-b893-88712bec3e48:works:2,ddf795ac-0a8a-45f7-b893-88712bec3e48,company_work,works[2].title_en,title,동방미래특급,,Eastern Future Express,translated,true,proper_name_or_title,a45f36c4bf490d26a4463b866c9e869dc80daeea938319ec434c22f9442af985,false
portfolio-en-20260806T140416Z,ddf795ac-0a8a-45f7-b893-88712bec3e48:works:2,ddf795ac-0a8a-45f7-b893-88712bec3e48,company_work,works[2].role_en,role,아티스트,,Artist,translated,true,proper_name_or_title,59e4694e19641f67b4ae2cffb19a7f0195fda1b676a53737dc573c05bcb02399,false
portfolio-en-20260806T140416Z,ddf795ac-0a8a-45f7-b893-88712bec3e48:works:3,ddf795ac-0a8a-45f7-b893-88712bec3e48,company_work,works[3].title_en,title,드래곤즈,,Dragons,translated,true,proper_name_or_title,a0201ee1785b5c8ff0008d7a14fd3c2ad7847ba31fe6f9c6b4a789696b43eacf,false
portfolio-en-20260806T140416Z,ddf795ac-0a8a-45f7-b893-88712bec3e48:works:3,ddf795ac-0a8a-45f7-b893-88712bec3e48,company_work,works[3].role_en,role,아티스트,,Artist,translated,true,proper_name_or_title,59e4694e19641f67b4ae2cffb19a7f0195fda1b676a53737dc573c05bcb02399,false
portfolio-en-20260806T140416Z,ddf795ac-0a8a-45f7-b893-88712bec3e48:works:4,ddf795ac-0a8a-45f7-b893-88712bec3e48,company_work,works[4].title_en,title,슈퍼바이러스,,Super Virus,translated,true,proper_name_or_title,bf4cabf1faaae3f9957997e92b2dfaf64a8e597fc2ce887d575294c7d698f007,false
portfolio-en-20260806T140416Z,ddf795ac-0a8a-45f7-b893-88712bec3e48:works:4,ddf795ac-0a8a-45f7-b893-88712bec3e48,company_work,works[4].role_en,role,아티스트,,Artist,translated,true,proper_name_or_title,59e4694e19641f67b4ae2cffb19a7f0195fda1b676a53737dc573c05bcb02399,false
portfolio-en-20260806T140416Z,ddf795ac-0a8a-45f7-b893-88712bec3e48:works:5,ddf795ac-0a8a-45f7-b893-88712bec3e48,company_work,works[5].title_en,title,아저씨를 위한 무책임한 땅쓰,,Irresponsible Land Use for Middle-aged Men,translated,true,proper_name_or_title,ed93d338e81c2c78634745ec578ad036188a30eab2e071db1ed1a7bcb5ce8be4,false
portfolio-en-20260806T140416Z,ddf795ac-0a8a-45f7-b893-88712bec3e48:works:5,ddf795ac-0a8a-45f7-b893-88712bec3e48,company_work,works[5].role_en,role,아티스트,,Artist,translated,true,proper_name_or_title,59e4694e19641f67b4ae2cffb19a7f0195fda1b676a53737dc573c05bcb02399,false
portfolio-en-20260806T140416Z,ddf795ac-0a8a-45f7-b893-88712bec3e48:works:6,ddf795ac-0a8a-45f7-b893-88712bec3e48,company_work,works[6].title_en,title,안은미의 북한춤,,An Eun-mi's North Korean Dance,translated,true,proper_name_or_title,cb5448c9d510eb420aa3435f0d632009bce86f0728345fa62112e360ffc0ab7c,false
portfolio-en-20260806T140416Z,ddf795ac-0a8a-45f7-b893-88712bec3e48:works:6,ddf795ac-0a8a-45f7-b893-88712bec3e48,company_work,works[6].role_en,role,아티스트,,Artist,translated,true,proper_name_or_title,59e4694e19641f67b4ae2cffb19a7f0195fda1b676a53737dc573c05bcb02399,false
portfolio-en-20260806T140416Z,ddf795ac-0a8a-45f7-b893-88712bec3e48:works:7,ddf795ac-0a8a-45f7-b893-88712bec3e48,company_work,works[7].title_en,title,여자야 여자야,,"Woman, Woman",translated,true,proper_name_or_title,068ffd6ad475f3eb22b12a2685cabb4ca915e979e100420bddb3b0ba5e5042b1,false
portfolio-en-20260806T140416Z,ddf795ac-0a8a-45f7-b893-88712bec3e48:works:7,ddf795ac-0a8a-45f7-b893-88712bec3e48,company_work,works[7].role_en,role,아티스트,,Artist,translated,true,proper_name_or_title,59e4694e19641f67b4ae2cffb19a7f0195fda1b676a53737dc573c05bcb02399,false
portfolio-en-20260806T140416Z,3e40bab1-03f3-4f2b-8eac-e7898c3892ca,3e40bab1-03f3-4f2b-8eac-e7898c3892ca,company,introduction_en,bio_short,류진욱과 고스트그룹은 인류의 진화와 신체의 관계를 탐구하는 실험적 작업을 선보이는 무용단이다. 〈Brachiation(브래키에이션)〉은 진화적,,"Jinwook Ryu and Ghost Group is a dance company presenting experimental works exploring the relationship between human evolution and the body. Brachiation addresses the 'present body' located at the boundary of evolutionary time, reconstructing evolutionary behaviors that connect past and future through dancers' movements.",translated,true,mixed_language;abnormal_length_ratio,8d8151a2b8bf5a4a87cf90858304a92c0efaae6de68846b2a6e86f5b1414d6be,false
portfolio-en-20260806T140416Z,3e40bab1-03f3-4f2b-8eac-e7898c3892ca,3e40bab1-03f3-4f2b-8eac-e7898c3892ca,company,bio_en,bio,"류진욱과 고스트그룹은 인류의 진화와 신체의 관계를 탐구하는 실험적 작업을 선보이는 무용단이다. 〈Brachiation(브래키에이션)〉은 진화적 시간의 경계에 위치한 '현재의 몸'을 다루며, 무용수들의 움직임을 통해 과거와 미래를 연결하는 진화적 행동을 재구성한다.",,"Jinwook Ryu and Ghost Group is a dance company presenting experimental works exploring the relationship between human evolution and the body. Brachiation addresses the 'present body' located at the boundary of evolutionary time, reconstructing evolutionary behaviors that connect past and future through dancers' movements.",translated,true,mixed_language,ec78611b9ab0a2a5bc416aed2ce4bab8beb09ba78e0deb715a66465aa87400de,false
portfolio-en-20260806T140416Z,3e40bab1-03f3-4f2b-8eac-e7898c3892ca:core_values:0,3e40bab1-03f3-4f2b-8eac-e7898c3892ca:core_values:0,company_core_value,core_values_en[0],core_value,안무가,,Choreographer,translated,true,abnormal_length_ratio,b670df2d3584b7ad62bdb27be3d47b6ceaff0f25ea8df103022718a72e5fff5e,false
portfolio-en-20260806T140416Z,3e40bab1-03f3-4f2b-8eac-e7898c3892ca:core_values:1,3e40bab1-03f3-4f2b-8eac-e7898c3892ca:core_values:1,company_core_value,core_values_en[1],core_value,현대무용,,Contemporary Dance,translated,true,abnormal_length_ratio,eb07f7b201b1b7778292f03eccfc62b57eb9054652265b0841f6fa8ff7924659,false
portfolio-en-20260806T140416Z,3e40bab1-03f3-4f2b-8eac-e7898c3892ca:works:0,3e40bab1-03f3-4f2b-8eac-e7898c3892ca,company_work,works[0].title_en,title,Brachiation(브래키에이션),,Brachiation,translated,true,proper_name_or_title;mixed_language,5b0499b0f2cc17af64f67893f5bd3df9be7c907a38a552dc3df7b3e907ef527a,false
portfolio-en-20260806T140416Z,3e40bab1-03f3-4f2b-8eac-e7898c3892ca:works:0,3e40bab1-03f3-4f2b-8eac-e7898c3892ca,company_work,works[0].role_en,role,아티스트,,Artist,translated,true,proper_name_or_title,59e4694e19641f67b4ae2cffb19a7f0195fda1b676a53737dc573c05bcb02399,false
portfolio-en-20260806T140416Z,bb2323b9-023b-436b-b09a-7ae3a4e73b5a:core_values:0,bb2323b9-023b-436b-b09a-7ae3a4e73b5a:core_values:0,company_core_value,core_values_en[0],core_value,무용단,,Dance Company,translated,true,abnormal_length_ratio,384e61d6fb1583a50951304eb5ced9c8ccf6db498b018af5523c2e073d77492e,false
portfolio-en-20260806T140416Z,bb2323b9-023b-436b-b09a-7ae3a4e73b5a:core_values:1,bb2323b9-023b-436b-b09a-7ae3a4e73b5a:core_values:1,company_core_value,core_values_en[1],core_value,현대무용,,Contemporary Dance,translated,true,abnormal_length_ratio,eb07f7b201b1b7778292f03eccfc62b57eb9054652265b0841f6fa8ff7924659,false
portfolio-en-20260806T140416Z,bb2323b9-023b-436b-b09a-7ae3a4e73b5a:works:0,bb2323b9-023b-436b-b09a-7ae3a4e73b5a,company_work,works[0].title_en,title,엠비규어스댄스컴퍼니 공연,,Ambiguous Dance Company Performance,translated,true,proper_name_or_title,3e8fe41c3da857be3a625e0bf1111485fd213bc1f1dc65a4cbcb40fea6ccd98f,false
portfolio-en-20260806T140416Z,bb2323b9-023b-436b-b09a-7ae3a4e73b5a:works:0,bb2323b9-023b-436b-b09a-7ae3a4e73b5a,company_work,works[0].description_en,description,엠비규어스댄스컴퍼니 대표 비디오,,Ambiguous Dance Company Representative Video,translated,true,proper_name_or_title,97ca49c65f281ba4d2a3646116cbeec100f72df41e1217a2271a1124af7f70be,false
portfolio-en-20260806T140416Z,bb2323b9-023b-436b-b09a-7ae3a4e73b5a:works:0,bb2323b9-023b-436b-b09a-7ae3a4e73b5a,company_work,works[0].role_en,role,아티스트,,Artist,translated,true,proper_name_or_title,59e4694e19641f67b4ae2cffb19a7f0195fda1b676a53737dc573c05bcb02399,false
portfolio-en-20260806T140416Z,bb2323b9-023b-436b-b09a-7ae3a4e73b5a:works:1,bb2323b9-023b-436b-b09a-7ae3a4e73b5a,company_work,works[1].title_en,title,바디콘서트,,Body Concert,translated,true,proper_name_or_title,a44ea219ec461bfd084361d0fb97d668acbc9578dec588ab938ada1b67a596e5,false
portfolio-en-20260806T140416Z,bb2323b9-023b-436b-b09a-7ae3a4e73b5a:works:1,bb2323b9-023b-436b-b09a-7ae3a4e73b5a,company_work,works[1].role_en,role,아티스트,,Artist,translated,true,proper_name_or_title,59e4694e19641f67b4ae2cffb19a7f0195fda1b676a53737dc573c05bcb02399,false
portfolio-en-20260806T140416Z,bb2323b9-023b-436b-b09a-7ae3a4e73b5a:works:2,bb2323b9-023b-436b-b09a-7ae3a4e73b5a,company_work,works[2].role_en,role,아티스트,,Artist,translated,true,proper_name_or_title,59e4694e19641f67b4ae2cffb19a7f0195fda1b676a53737dc573c05bcb02399,false
portfolio-en-20260806T140416Z,bb2323b9-023b-436b-b09a-7ae3a4e73b5a:works:3,bb2323b9-023b-436b-b09a-7ae3a4e73b5a,company_work,works[3].title_en,title,ASAC 몸짓콘서트,,ASAC Body Gesture Concert,translated,true,proper_name_or_title;mixed_language,b20757d0afb9346cfd2628be0dbbec0352418d8436e44434e750e00c82dff19a,false
portfolio-en-20260806T140416Z,bb2323b9-023b-436b-b09a-7ae3a4e73b5a:works:3,bb2323b9-023b-436b-b09a-7ae3a4e73b5a,company_work,works[3].role_en,role,아티스트,,Artist,translated,true,proper_name_or_title,59e4694e19641f67b4ae2cffb19a7f0195fda1b676a53737dc573c05bcb02399,false
portfolio-en-20260806T140416Z,bb2323b9-023b-436b-b09a-7ae3a4e73b5a:works:4,bb2323b9-023b-436b-b09a-7ae3a4e73b5a,company_work,works[4].title_en,title,무교육적 대스,,Uneducational Dance,translated,true,proper_name_or_title,3e2f40a7403ded0f07a2db68175e152991368f5523280dcc558af221f1593939,false
portfolio-en-20260806T140416Z,bb2323b9-023b-436b-b09a-7ae3a4e73b5a:works:4,bb2323b9-023b-436b-b09a-7ae3a4e73b5a,company_work,works[4].role_en,role,아티스트,,Artist,translated,true,proper_name_or_title,59e4694e19641f67b4ae2cffb19a7f0195fda1b676a53737dc573c05bcb02399,false
portfolio-en-20260806T140416Z,bb2323b9-023b-436b-b09a-7ae3a4e73b5a:works:5,bb2323b9-023b-436b-b09a-7ae3a4e73b5a,company_work,works[5].title_en,title,언어학(Linguistics),,Linguistics,translated,true,proper_name_or_title;mixed_language,3f25f0ef1665ce07727b42954112ccd626c6c6a99f05a3af7cbc7109bec807d0,false
portfolio-en-20260806T140416Z,bb2323b9-023b-436b-b09a-7ae3a4e73b5a:works:5,bb2323b9-023b-436b-b09a-7ae3a4e73b5a,company_work,works[5].role_en,role,아티스트,,Artist,translated,true,proper_name_or_title,59e4694e19641f67b4ae2cffb19a7f0195fda1b676a53737dc573c05bcb02399,false
portfolio-en-20260806T140416Z,bb2323b9-023b-436b-b09a-7ae3a4e73b5a:works:6,bb2323b9-023b-436b-b09a-7ae3a4e73b5a,company_work,works[6].title_en,title,틈,,Gap,translated,true,proper_name_or_title,f89b3da58254497fc880156ebc386406881fa036838e64ae35c783d4716ad10d,false
portfolio-en-20260806T140416Z,bb2323b9-023b-436b-b09a-7ae3a4e73b5a:works:6,bb2323b9-023b-436b-b09a-7ae3a4e73b5a,company_work,works[6].role_en,role,아티스트,,Artist,translated,true,proper_name_or_title,59e4694e19641f67b4ae2cffb19a7f0195fda1b676a53737dc573c05bcb02399,false
portfolio-en-20260806T140416Z,bb2323b9-023b-436b-b09a-7ae3a4e73b5a:works:7,bb2323b9-023b-436b-b09a-7ae3a4e73b5a,company_work,works[7].title_en,title,홈라당,,Homladang,translated,true,proper_name_or_title,6118b9c546515f044f6034eb7a8cd72c92fe4b3163e5f314b4541c92c17098f9,false
portfolio-en-20260806T140416Z,bb2323b9-023b-436b-b09a-7ae3a4e73b5a:works:7,bb2323b9-023b-436b-b09a-7ae3a4e73b5a,company_work,works[7].role_en,role,아티스트,,Artist,translated,true,proper_name_or_title,59e4694e19641f67b4ae2cffb19a7f0195fda1b676a53737dc573c05bcb02399,false
portfolio-en-20260806T140416Z,9a8f1652-69a8-454a-9340-9694791d1333,9a8f1652-69a8-454a-9340-9694791d1333,company,introduction_en,bio_short,이해니는 발레블랑과 해니쉬발레를 중심으로 신체와 인식의 경계를 탐구하는 작업을 이어간다. 〈Pan_Opticon: [Unseen_Code]〉에서,,"Haeni Lee continues work exploring the boundaries between body and perception, centered on Ballet Blanc and Haenish Ballet. In Pan_Opticon: [Unseen_Code],",translated,true,mixed_language,42e27fc8e0ac1f9add708f68d76545a562351d553cfc49be326069b12be4651d,false
portfolio-en-20260806T140416Z,9a8f1652-69a8-454a-9340-9694791d1333,9a8f1652-69a8-454a-9340-9694791d1333,company,bio_en,bio,"이해니는 발레블랑과 해니쉬발레를 중심으로 신체와 인식의 경계를 탐구하는 작업을 이어간다. 〈Pan_Opticon: [Unseen_Code]〉에서는 감시 구조 속 몸의 존재 방식을 관객 참여로 풀어내며 자유와 통제의 경계를 체험하게 하고, 〈되돌이표: 두 개의 숨〉에서는 숨을 모티브로 생명과 죽음의 순환적 구조를 다루다.",,"Lee Haeni continues work centered on Ballet Blanc and Hanish Ballet, exploring the boundaries between body and perception. In Pan_Opticon: [Unseen_Code], the mode of existence of the body within surveillance structures is expressed through audience participation, allowing experience of the boundary between freedom and control. In 되돌이표: 두 개의 숨, the motif of breath is used to address the cyclical structure of life and death.",translated,true,"mixed_language;Mixed language; work title '되돌이표: 두 개의 숨' untranslated, marked for review.",1ff671a0511d113878b1476bfbf4e032ba49ff4f4c459d5cfc04da60a6ac0e41,false
portfolio-en-20260806T140416Z,9a8f1652-69a8-454a-9340-9694791d1333:core_values:0,9a8f1652-69a8-454a-9340-9694791d1333:core_values:0,company_core_value,core_values_en[0],core_value,안무가,,Choreographer,translated,true,abnormal_length_ratio,b670df2d3584b7ad62bdb27be3d47b6ceaff0f25ea8df103022718a72e5fff5e,false
portfolio-en-20260806T140416Z,9a8f1652-69a8-454a-9340-9694791d1333:works:0,9a8f1652-69a8-454a-9340-9694791d1333,company_work,works[0].role_en,role,아티스트,,Artist,translated,true,proper_name_or_title,59e4694e19641f67b4ae2cffb19a7f0195fda1b676a53737dc573c05bcb02399,false
portfolio-en-20260806T140416Z,9a8f1652-69a8-454a-9340-9694791d1333:works:1,9a8f1652-69a8-454a-9340-9694791d1333,company_work,works[1].role_en,role,아티스트,,Artist,translated,true,proper_name_or_title,59e4694e19641f67b4ae2cffb19a7f0195fda1b676a53737dc573c05bcb02399,false
portfolio-en-20260806T140416Z,9a8f1652-69a8-454a-9340-9694791d1333:works:2,9a8f1652-69a8-454a-9340-9694791d1333,company_work,works[2].title_en,title,꼬-끼오,,Kko-kkio,translated,true,proper_name_or_title;Work title '꼬-끼오' translated conservatively and marked for review.,fd2cc1a7f57a7d1af8ed348cfecf8890a9d527e2c0058373ce78eb1fab5b992c,false
portfolio-en-20260806T140416Z,9a8f1652-69a8-454a-9340-9694791d1333:works:2,9a8f1652-69a8-454a-9340-9694791d1333,company_work,works[2].role_en,role,아티스트,,Artist,translated,true,proper_name_or_title,59e4694e19641f67b4ae2cffb19a7f0195fda1b676a53737dc573c05bcb02399,false
portfolio-en-20260806T140416Z,9a8f1652-69a8-454a-9340-9694791d1333:works:3,9a8f1652-69a8-454a-9340-9694791d1333,company_work,works[3].role_en,role,아티스트,,Artist,translated,true,proper_name_or_title,59e4694e19641f67b4ae2cffb19a7f0195fda1b676a53737dc573c05bcb02399,false
portfolio-en-20260806T140416Z,9a8f1652-69a8-454a-9340-9694791d1333:works:4,9a8f1652-69a8-454a-9340-9694791d1333,company_work,works[4].role_en,role,아티스트,,Artist,translated,true,proper_name_or_title,59e4694e19641f67b4ae2cffb19a7f0195fda1b676a53737dc573c05bcb02399,false
portfolio-en-20260806T140416Z,9a8f1652-69a8-454a-9340-9694791d1333:works:5,9a8f1652-69a8-454a-9340-9694791d1333,company_work,works[5].title_en,title,되돌이표,,되돌이표,translated,true,"proper_name_or_title;Work title untranslated, marked for review.",598db2f18494e20d6f9c802b953e63a84b2cc5791f4b876dfdcae69daf9916b1,false
portfolio-en-20260806T140416Z,9a8f1652-69a8-454a-9340-9694791d1333:works:5,9a8f1652-69a8-454a-9340-9694791d1333,company_work,works[5].role_en,role,아티스트,,Artist,translated,true,proper_name_or_title,59e4694e19641f67b4ae2cffb19a7f0195fda1b676a53737dc573c05bcb02399,false
portfolio-en-20260806T140416Z,f95f2029-db1d-4e84-85f9-dd8a8ff55fe6,f95f2029-db1d-4e84-85f9-dd8a8ff55fe6,company,introduction_en,bio_short,공원(GONGWON)은 작품을 매개로 사람들의 대화와 관계가 이어지는 공간을 만들고자 한다.,,GONGWON aims to create spaces where conversations and relationships among people continue through works.,translated,true,"mixed_language;Mixed language; company name '공원(GONGWON)' partially romanized, marked for review.",f7d3eabef1c690a1815cc395d46ede498b29c1adb318b8cde327f981c766d1fb,false
portfolio-en-20260806T140416Z,f95f2029-db1d-4e84-85f9-dd8a8ff55fe6,f95f2029-db1d-4e84-85f9-dd8a8ff55fe6,company,bio_en,bio,"공원(GONGWON)은 작품을 매개로 사람들의 대화와 관계가 이어지는 공간을 만들고자 한다. 작품의 주요한 소재는 신체로서 일상의 신체가 특정한 공간, 사물, 상황적 맥락에서 새로운 이야기가 되는 순간을 탐구하고 만들어 간다. 무용을 중심으로 사진, 설치, 영상, 아트테크 등 다양한 예술 영역을 넘나들며 활동하고 있다. 서울문화재단, 한국문화예술위원회, 국립현대무용단, MODAFF, 국제듀엣페스티벌 등 다양한 기관·재단의 창작사업에서 공인된 작품 활동을 이어가고 있다.",,"GONGWON aims to create spaces where conversations and relationships among people continue through works. The main subject of the works is the body, exploring and creating moments when the everyday body becomes a new story in specific spaces, objects, and situational contexts. The company works across various artistic fields including dance, photography, installation, video, and art tech. It continues recognized creative activities through projects by Seoul Foundation for Arts and Culture, Arts Council Korea, Korea National Contemporary Dance Company, MODAFF, International Duet Festival, and other institutions and foundations.",translated,true,"mixed_language;Mixed language; company name '공원(GONGWON)' partially romanized, marked for review.",74d22587bfef6e27f81ea8f9ffd18768f02dff93c0f8a118921971264020ae43,false
portfolio-en-20260806T140416Z,f95f2029-db1d-4e84-85f9-dd8a8ff55fe6:works:0,f95f2029-db1d-4e84-85f9-dd8a8ff55fe6,company_work,works[0].title_en,title,추락에도 포옹,,Embrace Even in Falling,translated,true,proper_name_or_title;Work title '추락에도 포옹' translated conservatively and marked for review.,f6fec7858ac50f2f26abdc9fbc4697e20abd706088742f5c881872ee02a3a1cc,false
portfolio-en-20260806T140416Z,f95f2029-db1d-4e84-85f9-dd8a8ff55fe6:works:0,f95f2029-db1d-4e84-85f9-dd8a8ff55fe6,company_work,works[0].description_en,description,소설가 ‘이상’의 작품 <날개>의 문학적 표현과 의미를 무용으로 풀어낸 작품으로 서사를 따라가기 보다 ‘이상’이 시도했던 문학적 실험과 이야기하려한 근대 시대의 사회상을 오늘날의 시선으로 그려낸다.,,"This work interprets the literary expression and meaning of novelist Yi Sang's Wings through dance. Rather than following the narrative, it portrays the literary experiments attempted by Yi Sang and the social conditions of the modern era he sought to discuss, viewed from a contemporary perspective.",translated,true,proper_name_or_title;Proper name 'Yi Sang' romanized but marked for review; work title 'Wings' translated conservatively and marked for review.,14c1f79c5634bb23743b196d3ec1903741efe3544b9217017becb68346c83b68,false
portfolio-en-20260806T140416Z,f95f2029-db1d-4e84-85f9-dd8a8ff55fe6:works:0:credits:0,f95f2029-db1d-4e84-85f9-dd8a8ff55fe6,company_work_credit,works[0].credits[0].role_en,role,안무,,Choreography,translated,true,proper_name_or_title;glossary_reused,488b69cfedefa3fdf7f4e33e83336121bac78e58bc1c6d5c2b52c0d84b2bead6,false
portfolio-en-20260806T140416Z,f95f2029-db1d-4e84-85f9-dd8a8ff55fe6:works:0:credits:1,f95f2029-db1d-4e84-85f9-dd8a8ff55fe6,company_work_credit,works[0].credits[1].role_en,role,무용수,,Dancer,translated,true,proper_name_or_title;glossary_reused,ee4e728ec07be7ca56c61b1220ede4898d3c5e81428a8544d7409e81984fadd7,false
portfolio-en-20260806T140416Z,f95f2029-db1d-4e84-85f9-dd8a8ff55fe6:works:0:credits:2,f95f2029-db1d-4e84-85f9-dd8a8ff55fe6,company_work_credit,works[0].credits[2].role_en,role,드라마트루기,,Dramaturgy,translated,true,proper_name_or_title;Role '드라마트루기' translated conservatively and marked for review.,b3a0b8a9368a44f193c67dcec316368724917655c0f024856c49b61006030bea,false
portfolio-en-20260806T140416Z,f95f2029-db1d-4e84-85f9-dd8a8ff55fe6:works:0:credits:4,f95f2029-db1d-4e84-85f9-dd8a8ff55fe6,company_work_credit,works[0].credits[4].role_en,role,프로젝트매니저,,Project Manager,translated,true,proper_name_or_title;Role '프로젝트매니저' translated conservatively and marked for review.,99345e721ae66c89ceb94c99465736edd6a86b84f90ee6377588c7240c287168,false
portfolio-en-20260806T140416Z,f95f2029-db1d-4e84-85f9-dd8a8ff55fe6:works:0:credits:5,f95f2029-db1d-4e84-85f9-dd8a8ff55fe6,company_work_credit,works[0].credits[5].role_en,role,조명오퍼,,Lighting Operator,translated,true,proper_name_or_title;Role '조명오퍼' translated conservatively and marked for review.;abnormal_length_ratio,77d7bf376047931120914f48f8322ac8ef81eab140ce3426d24bf27d95701c68,false
portfolio-en-20260806T140416Z,f95f2029-db1d-4e84-85f9-dd8a8ff55fe6:works:0:credits:6,f95f2029-db1d-4e84-85f9-dd8a8ff55fe6,company_work_credit,works[0].credits[6].role_en,role,무대감독,,Stage Manager,translated,true,proper_name_or_title;Role '무대감독' translated conservatively and marked for review.,3f6538875294b2672f476048f50c9ee292256719e061dc4a45c51ea5aa4d7822,false
portfolio-en-20260806T140416Z,f95f2029-db1d-4e84-85f9-dd8a8ff55fe6:works:0:credits:7,f95f2029-db1d-4e84-85f9-dd8a8ff55fe6,company_work_credit,works[0].credits[7].role_en,role,무대 디자이너,,Stage Designer,translated,true,proper_name_or_title;Role '무대 디자이너' translated conservatively and marked for review.,7702de73b81a83ab2f846a26daed57df69e8b32870abeb20de2bdcd562167b7c,false
portfolio-en-20260806T140416Z,f95f2029-db1d-4e84-85f9-dd8a8ff55fe6:works:0:credits:8,f95f2029-db1d-4e84-85f9-dd8a8ff55fe6,company_work_credit,works[0].credits[8].role_en,role,무대크루,,Stage Crew,translated,true,proper_name_or_title;Role '무대크루' translated conservatively and marked for review.,81048d028205046a46dab6877f550de3bfac7be23e4562f3c16f55ef7f9d8572,false
portfolio-en-20260806T140416Z,f95f2029-db1d-4e84-85f9-dd8a8ff55fe6:works:1,f95f2029-db1d-4e84-85f9-dd8a8ff55fe6,company_work,works[1].title_en,title,식탁,,Table,translated,true,proper_name_or_title;Work title '식탁' translated conservatively and marked for review.,2c963c951caf34c5fdf34e2ae0d97fa9d10ea40de3c0096a81eb47e8605de77e,false
portfolio-en-20260806T140416Z,f95f2029-db1d-4e84-85f9-dd8a8ff55fe6:works:1,f95f2029-db1d-4e84-85f9-dd8a8ff55fe6,company_work,works[1].description_en,description,"식탁과 무용수 모임의 해체 과정을 통해 가족의 진정한 의미를 알아보고자 한다.

가족은 삶에서 가장 처음 맺어지는 관계이자 중요한 역할을 한다. 이번 작품 <식탁>에서는 가족의 해체를 그려내며 문화적으로 변하고 있는 한국의 가정문화, 상실을 맞이하는 태도, 그리고 가족에 대한 이야기를 풀어내며 관객들에게 가족에 대한 진정한 의미를 되물어 보고자 한다.",,"Through the process of the disbandment of the table and the gathering of dancers, this work seeks to understand the true meaning of family.

Family is the first relationship formed in life and plays an important role. In this work, Table, the disintegration of family is depicted, exploring the changing Korean family culture, attitudes toward loss, and stories about family, inviting the audience to reconsider the true meaning of family.",translated,true,proper_name_or_title;Work title '식탁' translated conservatively and marked for review.,cb5a761175570237703cc308b9365f02a83123a5c10ee3f17590d79657fa2aae,false
portfolio-en-20260806T140416Z,f95f2029-db1d-4e84-85f9-dd8a8ff55fe6:works:2,f95f2029-db1d-4e84-85f9-dd8a8ff55fe6,company_work,works[2].title_en,title,모서리,,Edge,translated,true,proper_name_or_title,a2d51e470c06833a822c1b8e58f0c7a508a5f636d6bc740a8385b3254821ab1a,false
portfolio-en-20260806T140416Z,f95f2029-db1d-4e84-85f9-dd8a8ff55fe6:works:2,f95f2029-db1d-4e84-85f9-dd8a8ff55fe6,company_work,works[2].description_en,description,"〈모서리〉는 조각과 안무의 행위를 겹쳐보는 시도로써 예술적 여태를 이야기한다. 조각적 과정과 안무 표현의 교차점을 탐구하는 이번 작업 과정은 기존 조각의 형태를 몸으로 재현하고 움직임을 기술적으로 표현하는 것을 넘어서, 조각이라는 행위의 본질을 탐구하는 과정을 무용으로 승화한다.",,"Edge is an attempt to overlap the acts of sculpture and choreography to discuss the artistic present. This work process explores the intersection of sculptural processes and choreographic expression, transcending the reproduction of existing sculptural forms with the body and the technical expression of movement, sublimating the exploration of the essence of the act of sculpture into dance.",translated,true,proper_name_or_title,5624f9cd8084a6a042c1657d09a31fd352781f884c212b29a858eef303c52360,false
portfolio-en-20260806T140416Z,f95f2029-db1d-4e84-85f9-dd8a8ff55fe6:works:3,f95f2029-db1d-4e84-85f9-dd8a8ff55fe6,company_work,works[3].description_en,description,NETFLIX 시리즈 안무연출,,Choreography and Direction for NETFLIX series,translated,true,proper_name_or_title;mixed_language,b229c586bc05c334fce988624cbde8005900e4c46aeb840f26cccb41827114e5,false
portfolio-en-20260806T140416Z,f95f2029-db1d-4e84-85f9-dd8a8ff55fe6:works:3:credits:0,f95f2029-db1d-4e84-85f9-dd8a8ff55fe6,company_work_credit,works[3].credits[0].role_en,role,안무/역할,,Choreography/Role,translated,true,proper_name_or_title,70ee303860325afba468e626f4083748ee630d4d45072bd85f7d296db5dae115,false
portfolio-en-20260806T140416Z,f95f2029-db1d-4e84-85f9-dd8a8ff55fe6:works:4,f95f2029-db1d-4e84-85f9-dd8a8ff55fe6,company_work,works[4].title_en,title,미로의 백화점,,Department Store of the Maze,translated,true,proper_name_or_title,ae465d713e084282e53e7de2df0d2a8989e034451f2f741e555e8635b36c2d7a,false
portfolio-en-20260806T140416Z,f95f2029-db1d-4e84-85f9-dd8a8ff55fe6:works:4:credits:0,f95f2029-db1d-4e84-85f9-dd8a8ff55fe6,company_work_credit,works[4].credits[0].role_en,role,안무/역할,,Choreography/Role,translated,true,proper_name_or_title,70ee303860325afba468e626f4083748ee630d4d45072bd85f7d296db5dae115,false
portfolio-en-20260806T140416Z,f95f2029-db1d-4e84-85f9-dd8a8ff55fe6:works:5,f95f2029-db1d-4e84-85f9-dd8a8ff55fe6,company_work,works[5].title_en,title,도화호텔,,Dohwa Hotel,translated,true,proper_name_or_title,92452ba2a9b056a72dd6541e9a34410725d6def975a46c52553ffa3d69c4cc75,false
portfolio-en-20260806T140416Z,f95f2029-db1d-4e84-85f9-dd8a8ff55fe6:works:6,f95f2029-db1d-4e84-85f9-dd8a8ff55fe6,company_work,works[6].title_en,title,제6의섬,,The Sixth Island,translated,true,proper_name_or_title,4084624d3b372e641d257f7530b5c288df76f19e524bc2cca0a911f42fa98cd0,false
portfolio-en-20260806T140416Z,f95f2029-db1d-4e84-85f9-dd8a8ff55fe6:works:7,f95f2029-db1d-4e84-85f9-dd8a8ff55fe6,company_work,works[7].title_en,title,포스트 휴머니즘 시대의 신체 연구 – 법적 규제를 중심으로,,Study of the Body in the Post-Humanism Era – Focusing on Legal Regulations,translated,true,proper_name_or_title,d190238340c6bb003e726496881eb7b2054779582d5b14629f0e9727cbe60738,false
portfolio-en-20260806T140416Z,f95f2029-db1d-4e84-85f9-dd8a8ff55fe6:works:7,f95f2029-db1d-4e84-85f9-dd8a8ff55fe6,company_work,works[7].description_en,description,서울문화재단 리서치 사업,,Seoul Foundation for Arts and Culture Research Project,translated,true,proper_name_or_title;abnormal_length_ratio,2208dcfae817ad9e2c872174e3246f185f6ff97aa8064d3406c050c3f32d53c6,false
portfolio-en-20260806T140416Z,f95f2029-db1d-4e84-85f9-dd8a8ff55fe6:works:8,f95f2029-db1d-4e84-85f9-dd8a8ff55fe6,company_work,works[8].title_en,title,ODD BODY 프로젝트,,ODD BODY Project,translated,true,proper_name_or_title;mixed_language,b1e3546b3913cdfa3bfc94ada8522f3070171f0b9e258e468790661a221cefc0,false
portfolio-en-20260806T140416Z,f95f2029-db1d-4e84-85f9-dd8a8ff55fe6:works:8,f95f2029-db1d-4e84-85f9-dd8a8ff55fe6,company_work,works[8].description_en,description,한국문화예술위원회 기술 × 예술 '창작의 과정' 선정,,Selected for Korea Arts & Culture Education Service Technology × Art 'Creative Process',translated,true,proper_name_or_title,c113cf9c0fbc31e47ecb4bea530865d23f459c5e6ca086faeb0b35f8400d08da,false
portfolio-en-20260806T140416Z,f95f2029-db1d-4e84-85f9-dd8a8ff55fe6:works:9,f95f2029-db1d-4e84-85f9-dd8a8ff55fe6,company_work,works[9].title_en,title,나무,,Tree,translated,true,proper_name_or_title,e25c937210bfcce15af76cf0ebe96428e844a3904fdc697bdd0726c06515a169,false
portfolio-en-20260806T140416Z,f95f2029-db1d-4e84-85f9-dd8a8ff55fe6:history:0,f95f2029-db1d-4e84-85f9-dd8a8ff55fe6,company_history,history[0].description_en,event,"한국문화예술위원회 올해의 신작(후보) <추락에도 포옹> 선정
송파문화재단 문화예술 확산 지원 사업 <식탁> 선정
서울문화재단 창작예술활동 지원사업 <모서리> 선정
NETFLIX 시리즈 <Beauty in the Beast (B.I.B)> 안무연출
청각 장애 아동 창작 뮤지컬 지원 사업 <미로의 백화점> 안무 (01.30.~01.31.) 재공연",,"Selected as Korea Arts Council New Work of the Year (Nominee) <Embrace in the Fall>
Selected for Songpa Cultural Foundation Arts Expansion Support Project <Table>
Selected for Seoul Foundation for Arts and Culture Creative Arts Activity Support Project <Edge>
Choreography and Direction for NETFLIX series <Beauty in the Beast (B.I.B)>
Revival of choreography for musical supporting hearing-impaired children <Department Store of the Maze> (01.30.~01.31.)",translated,true,mixed_language,9b346cf11e8b4b1680504b8db96430da1230411945a878ee62dd3f16386ba8c4,false
portfolio-en-20260806T140416Z,f95f2029-db1d-4e84-85f9-dd8a8ff55fe6:history:2,f95f2029-db1d-4e84-85f9-dd8a8ff55fe6,company_history,history[2].description_en,event,"을숙도 문화회관 초청 기획공연 <모서리> (10.12 을숙도 문화회관 대극장)
한국문화예술위원회 창작산실 올해의 신작(후보) 선정 <식탁> (04.21 마포아트센터)
서울문화재단 예술플러스 창업 - ODBY 프로젝트
송파문화재단 문화예술확산지원사업 선정 <식탁 - Art flim>
청년 아티스트 센터 예술가 선정",,"Invited planned performance <Edge> at Eulsukdo Cultural Center (10.12, Eulsukdo Cultural Center Grand Theater)
Selected as Korea Arts Council Creative Studio New Work of the Year (Nominee) <Table> (04.21 Mapo Art Center)
Seoul Foundation for Arts and Culture Art Plus Startup - ODBY Project
Selected for Songpa Cultural Foundation Arts Expansion Support Project <Table - Art film>
Selected as artist at Youth Artist Center",translated,true,mixed_language,a3311a588fa86f00e06e92986cf61b4fdcfe492d0abba8055713dbe27484b6a7,false
portfolio-en-20260806T140416Z,f95f2029-db1d-4e84-85f9-dd8a8ff55fe6:history:3,f95f2029-db1d-4e84-85f9-dd8a8ff55fe6,company_history,history[3].description_en,event,"한국문화예술위원회 기술 × 예술 '창작의 과정' 선정 <ODD BODY 프로젝트> (06.01~04. 연희예술극장)
K-ART ON-ROAD 창작활동지원사업 선정 <식탁> (10.07 플랫폼 L 라이브 홀)
서울아트마켓 PAMS LINK 선정 <식탁>
한국예술종합학교 예컨대 프로젝트 선정 <ODBY>
서울로 미디어 캔버스 네이처 프로젝트 선정 <나무> (서울역 광장 미디어 캔버스 송출)",,"Selected for Korea Arts Council Technology × Art 'Creative Process' <ODD BODY Project> (06.01~04. Yeonhui Arts Theater)
Selected for K-ART ON-ROAD Creative Activity Support Project <Table> (10.07 Platform L Live Hall)
Selected for Seoul Art Market PAMS LINK <Table>
Selected for Korea National University of Arts Yekundae Project <ODBY>
Selected for Seoul Media Canvas Nature Project <Tree> (Broadcast on Seoul Station Plaza Media Canvas)",translated,true,mixed_language,9c47a7ba82ba23a8d30a7248c8556d5c7e182778f43b420449a7bdbb6b3e48fa,false
portfolio-en-20260806T140416Z,f95f2029-db1d-4e84-85f9-dd8a8ff55fe6:history:4,f95f2029-db1d-4e84-85f9-dd8a8ff55fe6,company_history,history[4].description_en,event,"한국문화예술위원회 최초지원사업 선정 <모서리> (11.18~19. SAC 아트홀)
한국문화예술위원회 온라인 미디어예술활동지원사업 <ODBY 가상전시장>
서울시 실감형 영상 작품 제작 지원사업 초청 - 무용
K-ART ON-ROAD 창작지원사업 선정 <ODD BODY> (10.12.~16. G 컨템포러리)",,"Selected for Korea Arts Council First Support Project <Edge> (11.18~19 SAC Art Hall)
Korea Arts Council Online Media Arts Activity Support Project <ODBY Virtual Exhibition>
Invited for Seoul City Immersive Video Work Production Support Project - Dance
Selected for K-ART ON-ROAD Creative Support Project <ODD BODY> (10.12.~16. G Contemporary)",translated,true,mixed_language,54b25bfd16236e7c12bdbffb1782a1fb2f2b5656ec72cd79591344cd5af55c4f,false
portfolio-en-20260806T140416Z,f95f2029-db1d-4e84-85f9-dd8a8ff55fe6:awards:0,f95f2029-db1d-4e84-85f9-dd8a8ff55fe6,company_awards,awards[0].title_en,title,한국문화예술위원회 올해의 신작(후보),,Korea Arts Council New Work of the Year (Nominee),translated,true,proper_name_or_title,e2e4c4197303fabbf581da7fc79c63a9f1173f2717a9766bd96a8f4e5e327996,false
portfolio-en-20260806T140416Z,f95f2029-db1d-4e84-85f9-dd8a8ff55fe6:awards:0,f95f2029-db1d-4e84-85f9-dd8a8ff55fe6,company_awards,awards[0].organization_en,organization,한국문화예술위원회,,Arts Council Korea,translated,true,proper_name_or_title,7fd22c38e2ae5235266fafc4fd9675ceff7c01dc72b8a8f2ea64e45e1b511a01,false
portfolio-en-20260806T140416Z,f95f2029-db1d-4e84-85f9-dd8a8ff55fe6:awards:1,f95f2029-db1d-4e84-85f9-dd8a8ff55fe6,company_awards,awards[1].title_en,title,서울문화재단 거리예술 오픈랩 공공공간 선정,,Selected for Seoul Foundation for Arts and Culture Street Arts Open Lab Public Space,translated,true,proper_name_or_title,8e329017bdb37b154a92bf9ec7ad48c5b06bda64a9feb2e18ba2d5ed68492baa,false
portfolio-en-20260806T140416Z,f95f2029-db1d-4e84-85f9-dd8a8ff55fe6:awards:1,f95f2029-db1d-4e84-85f9-dd8a8ff55fe6,company_awards,awards[1].organization_en,organization,서울문화재단,,Seoul Foundation for Arts and Culture,translated,true,proper_name_or_title;abnormal_length_ratio,5d1cb3731c39d82a279964a35ff6e8df5f176c8f475b437f76d337159c00cd09,false
portfolio-en-20260806T140416Z,f95f2029-db1d-4e84-85f9-dd8a8ff55fe6:awards:2,f95f2029-db1d-4e84-85f9-dd8a8ff55fe6,company_awards,awards[2].title_en,title,서울아트마켓 PAMS LINK 선정,,Selected for Seoul Art Market PAMS LINK,translated,true,proper_name_or_title;mixed_language,32ff74c9c4146ffbcb7ca1897e1de67af1095458812d83a817130961bdd83545,false
portfolio-en-20260806T140416Z,f95f2029-db1d-4e84-85f9-dd8a8ff55fe6:awards:2,f95f2029-db1d-4e84-85f9-dd8a8ff55fe6,company_awards,awards[2].organization_en,organization,서울아트마켓,,Seoul Art Market,translated,true,proper_name_or_title,4489424bf5fe9ffee138f44873527ee5015d7548b5946280fa4689185d84a986,false
portfolio-en-20260806T140416Z,f95f2029-db1d-4e84-85f9-dd8a8ff55fe6:awards:3,f95f2029-db1d-4e84-85f9-dd8a8ff55fe6,company_awards,awards[3].title_en,title,한국문화예술위원회 최초지원사업 선정,,Selected for Korea Arts & Culture Education Service's First Support Project,translated,true,proper_name_or_title,6eb90d1c9cb6d9ccfc786bf0c78d01f2e7596f5b07d4c26adc5c5d359d21245d,false
portfolio-en-20260806T140416Z,f95f2029-db1d-4e84-85f9-dd8a8ff55fe6:awards:3,f95f2029-db1d-4e84-85f9-dd8a8ff55fe6,company_awards,awards[3].organization_en,organization,한국문화예술위원회,,Arts Council Korea,translated,true,proper_name_or_title,7fd22c38e2ae5235266fafc4fd9675ceff7c01dc72b8a8f2ea64e45e1b511a01,false
portfolio-en-20260806T140416Z,f95f2029-db1d-4e84-85f9-dd8a8ff55fe6:current_activity:0,f95f2029-db1d-4e84-85f9-dd8a8ff55fe6,company_current_activity,current_activity[0].title_en,title,추락에도 포옹,,Embrace the Fall,translated,true,proper_name_or_title,eebeee48573955afc6ec6ad8c363dd4db58b6696de4b7383537542731749d92d,false
portfolio-en-20260806T140416Z,44c51c36-af01-49fb-a18d-39f3d734025f:works:0,44c51c36-af01-49fb-a18d-39f3d734025f,company_work,works[0].title_en,title,재활용? 제활용!,,Recycling? Reutilization!,translated,true,proper_name_or_title,636d1a39e724ae294b781f051cdf9465a73dedb621bd1903507603695eb3f564,false
portfolio-en-20260806T140416Z,44c51c36-af01-49fb-a18d-39f3d734025f:works:0,44c51c36-af01-49fb-a18d-39f3d734025f,company_work,works[0].description_en,description,"공연소개
“소외된 것들의 새로운 가치를 탐구하는 제(祭)의식”
#재활용 #업사이클링 #지속가능한예술 #문묘제례악 #인터뷰

작품소개
<재활용? 제활용!>은 소외된 가치를 문묘제례악의 형식과 절차를 빌려 새로운 의미와 활용으로 재탄생시키는 제의식이다. 네 명의 인터뷰이의 멈춰버린 움직임과 이야기를 네 명의 대리자와 상징물을 통해 지속가능한 새로운 가치와 형태로써 무대 위에 불러일으킨다.

연출/안무의도
문화예술계를 떠날 수밖에 없었던 네 명의 인터뷰이의 움직임과 이야기를 영상으로 기록하고 수집했다. 이 기록은 재활용되는 차원을 넘어 새로운 가치와 형태의 예술적 언어로 재구성되었다. 한국 고유의 제의 형식인 문묘제례악의 절차를 차용하여 과거를 기리고 현재와 이어주는 구조를 마련한다. 각 장면은 네 명의 대리자와 상징물을 통해 제물처럼 무대 위에 올라 새로운 의미와 가치로 구체화된다. 이러한 과정을 통해 단순히 삶을 재현하는 것이 아니라, 사람의 본질을 탐구하고 기록하며 전시 및 보존하는 행위로 이어진다. 이야기를 움직임으로 번역하는 작업은 결국 사람과 세계를 더 깊이 이해하기 위함이다.
공연제작 과정 속에서 지속가능한 예술을 실천하기 위해 지원자들이 사용하던 상징물은 소품과 세트로 재탄생한다. 가치를 잃은 사물을 악기로 만들어 문묘제례악을 연주하고, 아름다운 가게를 통해 기부하고 재구매한 의상을 활용한다. 이는 업사이클링 개념을 통해 공연예술이 가진 일회적 구조를 넘어 지속가능한 예술을 위한 공연예술과 환경문제의 연결고리를 탐구하는 실험적인 시도이다.",,"Performance Introduction
""A ritual exploring new values of the marginalized""
#Recycling #Upcycling #SustainableArt #MunmyoJeryeak #Interview

Work Description
<Recycling? Reusing!> is a ritual that reinterprets marginalized values by borrowing the form and procedures of Munmyo Jeryeak to give them new meaning and use. The halted movements and stories of four interviewees are evoked on stage as sustainable new values and forms through four proxies and symbolic objects.

Direction/Choreography Intent
The movements and stories of four interviewees who had to leave the cultural and artistic community were recorded and collected on video. This record was reconstructed beyond recycling into an artistic language of new value and form. By adopting the procedures of Munmyo Jeryeak, a traditional Korean ritual, a structure is established to honor the past and connect it to the present. Each scene is presented on stage like an offering through four proxies and symbolic objects, materializing new meanings and values. Through this process, it is not merely a reproduction of life but an act of exploring, recording, exhibiting, and preserving human essence. Translating stories into movement ultimately aims to deepen understanding of people and the world.

To practice sustainable art during the production process, symbolic objects used by the participants were reborn as props and sets. Objects that lost their value were transformed into instruments to perform Munmyo Jeryeak, and costumes donated and repurchased through a thrift store were utilized. This experimental attempt explores the connection between performing arts and environmental issues for sustainable art beyond the one-time nature of performing arts through the concept of upcycling.",translated,true,proper_name_or_title;long_text;Proper name or title; long text,0c82f4599c6d32f703ad8c4900543b36df917ab531f400b27079bcc1b674811d,false
portfolio-en-20260806T140416Z,44c51c36-af01-49fb-a18d-39f3d734025f:works:0,44c51c36-af01-49fb-a18d-39f3d734025f,company_work,works[0].role_en,role,안무,,Choreography,translated,true,proper_name_or_title;glossary_reused,fc760bfe9674222e793f49c638407f25fd5f3c2d2a182e9473fffc182c2eca08,false
portfolio-en-20260806T140416Z,44c51c36-af01-49fb-a18d-39f3d734025f:works:0:credits:0,44c51c36-af01-49fb-a18d-39f3d734025f,company_work_credit,works[0].credits[0].role_en,role,안무,,Choreography,translated,true,proper_name_or_title;glossary_reused,488b69cfedefa3fdf7f4e33e83336121bac78e58bc1c6d5c2b52c0d84b2bead6,false
portfolio-en-20260806T140416Z,44c51c36-af01-49fb-a18d-39f3d734025f:works:0:credits:1,44c51c36-af01-49fb-a18d-39f3d734025f,company_work_credit,works[0].credits[1].role_en,role,공동창작 및 출연,,Co-creation and Performance,translated,true,proper_name_or_title;Proper name or title,e8224139e00d075a4b2ded149b8414a6609de028346cbec84575b3e14d7b5e29,false
portfolio-en-20260806T140416Z,44c51c36-af01-49fb-a18d-39f3d734025f:works:0:credits:2,44c51c36-af01-49fb-a18d-39f3d734025f,company_work_credit,works[0].credits[2].role_en,role,인터뷰이,,Interviewee,translated,true,proper_name_or_title,80af2178a557ebff51103aeaa14ec3e3bc784902949c516de1915547c9123387,false
portfolio-en-20260806T140416Z,44c51c36-af01-49fb-a18d-39f3d734025f:works:0:credits:3,44c51c36-af01-49fb-a18d-39f3d734025f,company_work_credit,works[0].credits[3].role_en,role,음악,,Music,translated,true,proper_name_or_title;Proper name or title,fbfaf53d6f7edd91ac32431a256bf6deb1a12d459d7c8c4672f7b293807c4f3d,false
portfolio-en-20260806T140416Z,44c51c36-af01-49fb-a18d-39f3d734025f:works:0:credits:4,44c51c36-af01-49fb-a18d-39f3d734025f,company_work_credit,works[0].credits[4].role_en,role,연주,,Performance,translated,true,proper_name_or_title;Proper name or title;abnormal_length_ratio,cb19ccf063838e74b3591baa34e055ba91bef1e8d1eea433c949038296e6e708,false
portfolio-en-20260806T140416Z,44c51c36-af01-49fb-a18d-39f3d734025f:works:0:credits:5,44c51c36-af01-49fb-a18d-39f3d734025f,company_work_credit,works[0].credits[5].role_en,role,무대,,Stage,translated,true,proper_name_or_title;Proper name or title,52717236c36eb897ae43d75c70a8a00d9c82d1e6671c8c4b62cdf8f7ecfe6dbc,false
portfolio-en-20260806T140416Z,44c51c36-af01-49fb-a18d-39f3d734025f:works:0:credits:6,44c51c36-af01-49fb-a18d-39f3d734025f,company_work_credit,works[0].credits[6].role_en,role,조명,,Lighting,translated,true,proper_name_or_title;Proper name or title,f0d5635c14a13ae24a6e61a1c0b99adac816517786ebad43f701a4e4327db394,false
portfolio-en-20260806T140416Z,44c51c36-af01-49fb-a18d-39f3d734025f:works:0:credits:7,44c51c36-af01-49fb-a18d-39f3d734025f,company_work_credit,works[0].credits[7].role_en,role,크레딧,,Credits,translated,true,proper_name_or_title;Proper name or title,20698624e3d1e1fd6221ded3ef5981b9f2d6e37a9226084ad59e909e4c73dd0d,false
portfolio-en-20260806T140416Z,44c51c36-af01-49fb-a18d-39f3d734025f:works:0:credits:8,44c51c36-af01-49fb-a18d-39f3d734025f,company_work_credit,works[0].credits[8].role_en,role,사진 및 영상 기록,,Photo and Video Documentation,translated,true,proper_name_or_title,3f93ea2b32cb0155ba4e04b7b1b723df68795abb1a062a9214f8c5568259b399,false
portfolio-en-20260806T140416Z,44c51c36-af01-49fb-a18d-39f3d734025f:works:0:credits:9,44c51c36-af01-49fb-a18d-39f3d734025f,company_work_credit,works[0].credits[9].role_en,role,디자인,,Design,translated,true,proper_name_or_title;Proper name or title,c8d48670ffd26270d7ee96cf3783d68e60397d64e0a2135638c7d0bc4833c4d5,false
portfolio-en-20260806T140416Z,44c51c36-af01-49fb-a18d-39f3d734025f:works:1,44c51c36-af01-49fb-a18d-39f3d734025f,company_work,works[1].title_en,title,겹,,Layer,translated,true,proper_name_or_title;Proper name or title;abnormal_length_ratio,71db55d43b52468ddeb7042186370590c391e246fd3690148af9393d3426fd84,false
portfolio-en-20260806T140416Z,44c51c36-af01-49fb-a18d-39f3d734025f:works:1,44c51c36-af01-49fb-a18d-39f3d734025f,company_work,works[1].role_en,role,안무,,Choreography,translated,true,proper_name_or_title;glossary_reused,fc760bfe9674222e793f49c638407f25fd5f3c2d2a182e9473fffc182c2eca08,false
portfolio-en-20260806T140416Z,44c51c36-af01-49fb-a18d-39f3d734025f:works:1:credits:0,44c51c36-af01-49fb-a18d-39f3d734025f,company_work_credit,works[1].credits[0].role_en,role,안무,,Choreography,translated,true,proper_name_or_title;glossary_reused,488b69cfedefa3fdf7f4e33e83336121bac78e58bc1c6d5c2b52c0d84b2bead6,false
portfolio-en-20260806T140416Z,44c51c36-af01-49fb-a18d-39f3d734025f:works:2,44c51c36-af01-49fb-a18d-39f3d734025f,company_work,works[2].title_en,title,머무르기 보다 불행을 택했다,,"Rather Than Staying, I Chose Misery",translated,true,proper_name_or_title;Proper name or title,e8b1b4b331495b4ece376674ee3bd1bccffbb075273d5cbb6ede23d3e34ae48d,false
portfolio-en-20260806T140416Z,44c51c36-af01-49fb-a18d-39f3d734025f:works:2,44c51c36-af01-49fb-a18d-39f3d734025f,company_work,works[2].description_en,description,"우리의 진정한 사랑은 필연적으로 불편하고 불행한 선택일지도 모른다. 아무 일도 일어나지 않는 행복과 부단히 부대끼는 불편, 그 사이에서 우리는 어느 쪽으로 갈 것인가.",,"Our true love may inevitably be an uncomfortable and unhappy choice. Between happiness where nothing happens and persistent discomfort, which side will we choose?",translated,true,proper_name_or_title,5d6365d2f8131ef586f5a5ccd1a768bee2964b72ce9ae2f7b52f548e1ffc757a,false
portfolio-en-20260806T140416Z,44c51c36-af01-49fb-a18d-39f3d734025f:works:3,44c51c36-af01-49fb-a18d-39f3d734025f,company_work,works[3].title_en,title,포터,,Porter,translated,true,proper_name_or_title,96675d979cbd76e009d5d3599340cf185db5fcdcb576ba60cb8fb4b6542fcd17,false
portfolio-en-20260806T140416Z,44c51c36-af01-49fb-a18d-39f3d734025f:works:3,44c51c36-af01-49fb-a18d-39f3d734025f,company_work,works[3].role_en,role,안무,,Choreography,translated,true,proper_name_or_title;glossary_reused,fc760bfe9674222e793f49c638407f25fd5f3c2d2a182e9473fffc182c2eca08,false
portfolio-en-20260806T140416Z,44c51c36-af01-49fb-a18d-39f3d734025f:works:3:credits:0,44c51c36-af01-49fb-a18d-39f3d734025f,company_work_credit,works[3].credits[0].role_en,role,안무/역할,,Choreography/Role,translated,true,proper_name_or_title,70ee303860325afba468e626f4083748ee630d4d45072bd85f7d296db5dae115,false
portfolio-en-20260806T140416Z,44c51c36-af01-49fb-a18d-39f3d734025f:history:1,44c51c36-af01-49fb-a18d-39f3d734025f,company_history,history[1].description_en,event,"10월 3일,4일 대학로예술극장 소극장 서울문화재단 예술창작지원 <재활용? 제활용!>
9월 10일 국립국악원 우면당 기획공연 ‘젊은 사위’ <겹>
6월 7일 Guggenheim Museum 스페인 ACT Festival <머무르기 보다 불행을 택했다>",,"October 3-4: Daehakro Arts Theater, Small Hall Seoul Foundation for Arts and Culture Arts Creation Support <Recycling? Reutilization!>
September 10: National Gugak Center Umyeondang planned performance 'Young Son-in-law' <Overlap>
June 7: Guggenheim Museum Spain ACT Festival <Chose Misfortune Over Staying>",translated,true,mixed_language,96deed02c23d79b163efe99e3ff60bc8a573c0a8e5a05fbc8aa61a947840552c,false
portfolio-en-20260806T140416Z,44c51c36-af01-49fb-a18d-39f3d734025f:history:2,44c51c36-af01-49fb-a18d-39f3d734025f,company_history,history[2].description_en,event,삼일로창고극장 SIDance Festival <머무르기 보다 불행을 택했다>,,Samillo Warehouse Theater SIDance Festival <Chose Misfortune Over Staying>,translated,true,mixed_language,b428f8ffa48f1c994d8ebfa1205a7a3635d80063c854597c2a9934bc360c1510,false
portfolio-en-20260806T140416Z,a819ec0d-7c6e-469b-8489-c0f1c86c7b5e,a819ec0d-7c6e-469b-8489-c0f1c86c7b5e,company,bio_en,bio,"모든컴퍼니는 '전부의 예술'을 지향하며 현대무용을 무대공연, 거리, 댄스필름, 예술교육으로 확장합니다. 스포츠를 소재로 하는 3부작 시리즈를 통해 인간의 경쟁과 한계를 탐구합니다. 대표작 〈피스트: 여덟 개의 순간〉은 펜싱을 통해 경쟁사회의 인간군상을 표현하며, 〈On the Rock〉은 클라이밍을 소재로 한계를 넘어서는 인간을 그립니다.",,"All Company pursues 'Art of Everything' and expands contemporary dance into stage performances, street, dance films, and arts education. Through a trilogy series themed on sports, it explores human competition and limits. The representative work ""Feast: Eight Moments"" expresses human figures in a competitive society through fencing, and ""On the Rock"" depicts humans overcoming limits through climbing.",translated,true,mixed_language,fa5655beac3c270b0ba7ba6c404abef2d96241ec402834d087c68014ac53cf76,false
portfolio-en-20260806T140416Z,a819ec0d-7c6e-469b-8489-c0f1c86c7b5e:core_values:1,a819ec0d-7c6e-469b-8489-c0f1c86c7b5e:core_values:1,company_core_value,core_values_en[1],core_value,확장,,Expansion,translated,true,abnormal_length_ratio;model_retry,51f45749390c0d7cff6e318b28862f3531a658a9d0f02f5605e22d131075a2ad,false
portfolio-en-20260806T140416Z,a819ec0d-7c6e-469b-8489-c0f1c86c7b5e:core_values:2,a819ec0d-7c6e-469b-8489-c0f1c86c7b5e:core_values:2,company_core_value,core_values_en[2],core_value,융합,,Convergence,translated,true,abnormal_length_ratio;model_retry,62c9b84a9c689c94b0205ce03b081b102b1702c7e226b37f2db1a6c92cbee141,false
portfolio-en-20260806T140416Z,a819ec0d-7c6e-469b-8489-c0f1c86c7b5e:works:0,a819ec0d-7c6e-469b-8489-c0f1c86c7b5e,company_work,works[0].description_en,description,"스포츠 3부작 첫 작품으로, 펜싱을 소재로 경쟁사회의 인간군상을 표현. 터치센서와 실시간 영상, 이펙트 기술을 결합.",,"As the first work of the sports trilogy, it depicts human figures in a competitive society using fencing as the theme. Combines touch sensors with real-time video and effects technology.",translated,true,proper_name_or_title;model_retry,662cfac78d11f9dcd3ac149d0f22d1ed5fabb99b4720c371797009198fcfffb5,false
portfolio-en-20260806T140416Z,a819ec0d-7c6e-469b-8489-c0f1c86c7b5e:works:1,a819ec0d-7c6e-469b-8489-c0f1c86c7b5e,company_work,works[1].description_en,description,"스포츠 3부작 중 두 번째 작품으로, 클라이밍을 소재로 한계를 넘어서는 인간을 표현.",,"As the second work of the sports trilogy, it portrays humans overcoming limits using climbing as the theme.",translated,true,proper_name_or_title;model_retry,616660821d7540e1aebb40cc894486ccff37c67ac68d31ee857153e48568313d,false
portfolio-en-20260806T140416Z,a819ec0d-7c6e-469b-8489-c0f1c86c7b5e:awards:0,a819ec0d-7c6e-469b-8489-c0f1c86c7b5e,company_awards,awards[0].title_en,title,공연예술창작산실 '올해의 신작',,Performance Arts Creation Studio 'New Work of the Year',translated,true,proper_name_or_title;model_retry,4cf41dc8e249aa0d1177d68f3baee04841732c95d5bf435262c6a8acf137b3d2,false
portfolio-en-20260806T140416Z,ece1e313-3243-4eec-9133-411c2cac032c,ece1e313-3243-4eec-9133-411c2cac032c,company,introduction_en,bio_short,한국무용과 전통춤을 통해 현대적 컨템퍼러리를 탐구합니다.,,Explores modern contemporary through Korean dance and traditional dance.,translated,true,model_retry,080b7f5170fdf665cde393b670777d4e1922c1c21fca6e76df153ee7d543042e,false
portfolio-en-20260806T140416Z,ece1e313-3243-4eec-9133-411c2cac032c,ece1e313-3243-4eec-9133-411c2cac032c,company,bio_en,bio,"우보만리는 한국무용과 전통춤을 기반으로 현대적 컨템퍼러리를 탐구하는 단체입니다. 주요 작품으로는 〈노동 (勞動)〉, 〈오직 나의 이름으로〉, 그리고 파인아트 성격의 〈서양극장 속 한옥〉이 있으며, 이 작품들은 한국적 요소를 현대적 무용 언어로 재해석합니다. 최근에는 이와 관련한 다양한 공연과 전시를 이어가고 있습니다.",,"Ubomanri is a company that explores modern contemporary based on Korean dance and traditional dance. Major works include Labor (勞動), Only in My Name, and the fine art piece Hanok in a Western Theater, which reinterpret Korean elements through contemporary dance language. Recently, the company has continued various performances and exhibitions related to these themes.",translated,true,model_retry,99843a9cc9a51309db174db8b5287e98db33794662959df78b466ae08fa307eb,false
portfolio-en-20260806T140416Z,ece1e313-3243-4eec-9133-411c2cac032c:works:0,ece1e313-3243-4eec-9133-411c2cac032c,company_work,works[0].title_en,title,공존할 수 없는 공존,,Incompatible Coexistence,translated,true,proper_name_or_title;model_retry,58ccf6dfaa9a0b12d164367c36c3f352a2d3a3f34b1c87eac140b9eb88aafd42,false
portfolio-en-20260806T140416Z,ece1e313-3243-4eec-9133-411c2cac032c:works:0,ece1e313-3243-4eec-9133-411c2cac032c,company_work,works[0].description_en,description,"공연소개
#춤도추고_말도하고_실험도하는_무대
#함께있을수없는것들이_한무대위에공존한다
#앉은자리에따라_다르게보고_다르게듣는
#보는것을넘어_감각으로겪는_공연
#실험렉처퍼포먼스
한국춤을 해 온 이들이 춤·말·실험을 함께 펼치는 무대.
질문을 함께 여는 실험 렉처 퍼포먼스.

작품소개
〈공존할 수 없는 공존〉은 한국춤을 해온 안무가 조인호의 신작으로, 춤과 말과 실험이 함께 어우러지는 실험 렉처 퍼포먼스입니다. 이 작품은 잘 짜인 하나의 춤을 보여주기보다, 여러 가지 시도와 질문을 무대 위에 펼쳐놓는 공연입니다.
   이 작품은 “춤이란 무엇일까, 공연이란 무엇일까”라는 물음에서 출발합니다. 완성된 춤을 보여주기보다, 몸에 쌓인 움직임을 하나씩 풀어헤쳐 다시 들여다봅니다. 전통과 지금, 보는 것과 겪는 것, 살아있음과 사라짐처럼 함께 있기 어려운 것들을 억지로 합치지 않고, 어긋난 그대로 한 무대에 나란히 둡니다.
   관객은 앉는 자리에 따라 서로 다른 것을 보고 듣게 됩니다. 무대 가까이에서 함께 호흡하기도 하고, 멀리서 전체를 바라보기도 합니다. 춤뿐 아니라 말과 소리, 빛과 어둠이 함께하는 이 무대는, 보는 공연을 넘어 온몸의 감각으로 겪는 50분을 제안합니다.

시놉시스
우리는 같은 공연을 보러 와서도, 끝내 같은 것을 보지 못한다.
무대는 관객과 함께 숨을 쉬는 데서 시작한다. 오래 다듬어온 춤이 조각조각 풀려 나오고, 함께 있을 수 없는 것들이 한자리에 선다. 보는 것과 겪는 것, 전통과 지금, 살아있음과 사라짐은 서로 맞물리지 못한 채 잠시 나란히 있는다.
   무대를 감싸 앉느냐 떨어져 앉느냐에 따라 공연은 다른 얼굴로 다가온다. 때로는 춤이 멈추고 말이 끼어들고, 사방에서 여러 춤이 한꺼번에 쏟아지기도 한다. 그러다 빛이 잦아들면, 보이지 않게 된 춤을 관객은 저마다의 몸 안에서 다시 만나게 된다. 무엇이 남을지는 보는 사람마다 다르다.

연출의도
춤을 오래 췄지만, 저는 아직도 같은 질문 앞에 서 있습니다. 춤이란 무엇일까, 공연이란 무엇일까. 몸이 움직이면 그게 춤이 되는 걸까, 그 춤이 사라지고 나면 무엇이 남을까.
  그래서 이번에는 답을 내놓기보다, 그 질문을 관객과 함께 펼쳐놓고 싶었습니다. 정해진 춤을 완성해 보여주기보다, 여러 시도와 실험을 무대 위에 그대로 꺼내놓는 쪽을 택했습니다. 그런 뜻에서 이 작품은 실험 렉처 퍼포먼스에 가깝습니다.
  객석과 무대가 함께 숨 쉬는 데서 시작해, 몸에 쌓여온 움직임과 기억을 하나씩 풀어 헤쳐 다시 들여다봅니다. 전통과 지금, 보는 것과 겪는 것, 살아있음과 사라짐처럼 함께 있기 어려운 것들을 억지로 맞추지 않고, 어긋난 그대로 나란히 두었습니다.
  몸은 시간을 따라 달라집니다. 십 년 전의 나와 지금의 나는 같은 춤을 출 수 없습니다. 그러나 달라진 몸에는 달라진 춤이 있습니다. 저는 그 어긋남을 잃어버린 것이 아니라, 또 다른 공존으로 바라보고 싶었습니다.
  생각해보면 공연이란 원래 모순덩어리입니다. 살아있는 몸으로 추지만 그 춤은 곧 사라지고, 분명 지금 여기 있는데 끝나면 기억으로만 남습니다. 저는 그 모순을 숨기기보다 드러내고 싶었습니다. 그것이야말로 공연만이 가진 성격이라고 믿기 때문입니다.

기획의도
  한 편의 공연은 오랜 준비 끝에 관객과 짧게 만나고 사라집니다. 이 작품은 그 사라짐을 아쉬움이 아니라, 공연만이 지닌 고유한 성격으로 바라보는 데서 출발합니다.
  그래서 이번 공연은 완성된 결과를 보여주기보다, 만들어가는 과정과 실험을 관객과 함께 나누는 자리로 열어두었습니다. 춤만이 아니라 말과 소리, 빛과 어둠을 함께 사용하고, 때로는 관객의 참여로 장면이 열리기도 합니다. 실험 렉처 퍼포먼스라는 이름은, 이 공연이 잘 짜인 춤을 감상하는 자리가 아니라 함께 질문하고 겪는 자리라는 점을 미리 전하기 위한 것입니다.
  또한 큰 규모보다, 작고 친밀한 소극장에서만 가능한 밀도에 집중했습니다. 무대와 객석이 가까운 블랙박스 안에서, 관객 한 사람 한 사람이 자기 자리에서 저마다 다른 거리와 감각으로 공연을 경험하도록 구조를 설계했습니다. 〈공존할 수 없는 공존〉은 우보만리가 이어온 “무대와 관객의 관계를 새롭게 정의하는” 작업의 연장선에서, 동시대 무용이 관객과 만나는 또 하나의 방식을 제안하고자 합니다.

안무가 소개
안무가 조인호
조인호는 전통과 동시대 사이를 춤으로 탐구해온 안무가입니다. 한국춤을 바탕으로 전통춤의 구조를 풀어 헤치고, 호흡과 공간, 몸과 관계의 미학을 오늘의 무대로 넓혀왔습니다. “움직임이 공간을 만들고, 공간이 다시 움직임을 만든다”는 생각을 바탕으로, 고요함과 움직임, 보이는 것과 보이지 않는 것의 대비 속에서 작업을 이어갑니다. 위상수학과 리만 기하학 같은 수학적 개념을 안무와 공간에 접목한 연구로 박사 학위를 받았습니다.

우보만리를 이끌며 〈박제〉, 〈이방인〉, 〈노동〉, 〈KNOCK〉, 〈서양극장 속 한옥〉 등을 발표해왔습니다. 2018 평창 동계올림픽 개·폐회식 안무 조감독을 지냈고, Bilbao Act Festival ‘Best Perfomer’상, 제3회 서울예술상 ‘포르쉐 프런티어’상을 수상했습니다. 현재 경기도무용단 상임안무가로도 활동하고 있으며 한국예술종합학교와 전통예술원에 출강하고 있습니다.

단체소개
우보만리(牛步萬里)는 2016년 창단한 독립 무용단으로, 빠른 결과보다 과정의 축적과 관찰을 중요하게 여겨왔습니다. 한국무용의 전통적 호흡과 구조를 바탕으로 이를 풀어 헤치고 다시 짜며, 몸과 공간과 관계의 새로운 언어를 만들어왔습니다. 〈박제〉, 〈방하착〉, 〈이방인〉, 〈노동〉, 〈KNOCK〉, 〈서양극장 속 한옥〉 등을 발표했으며, 2022년 이후에는 음악·설치·영상·조명 등 여러 분야의 예술가들과 협업하며 무용의 언어를 넓혀왔습니다. 무대와 관객의 관계를 다시 짜고, 공간을 안무의 일부로 다루는 최근의 흐름 위에서 〈공존할 수 없는 공존〉을 선보입니다.",,"Performance Introduction
#Dance_and_talk_and_experiment_on_stage
#Things_that_cannot_coexist_share_one_stage
#Different_views_and_listens_depending_on_seating
#Beyond_seeing_experiencing_with_senses_performance
#Experimental_lecture_performance
A stage where those who have practiced Korean dance perform dance, speech, and experiments together. An experimental lecture performance that opens questions together.

Work Introduction
Incompatible Coexistence is a new work by choreographer Jo In-ho, who has practiced Korean dance. It is an experimental lecture performance combining dance, speech, and experimentation. Rather than presenting a well-structured dance, the performance unfolds various attempts and questions on stage.
   The work starts from the question, ""What is dance, and what is performance?"" Instead of showing a completed dance, it unravels accumulated movements in the body one by one for re-examination. It places difficult-to-coexist elements such as tradition and present, seeing and experiencing, life and disappearance side by side on stage without forcing them to merge.
   Audience members see and hear differently depending on their seating. They may breathe closely with the performers or observe the whole from afar. This stage, combining dance, speech, sound, light, and darkness, proposes a 50-minute experience beyond viewing, engaging the whole body's senses.

Synopsis
Though we come to watch the same performance, we ultimately do not see the same thing.
The stage begins by breathing together with the audience. Carefully refined dances unravel piece by piece, and incompatible elements stand together. Seeing and experiencing, tradition and present, life and disappearance remain side by side without fitting together.
   Depending on whether the audience sits close or far, the performance appears differently. Sometimes dance stops and speech intervenes; multiple dances pour out simultaneously from all directions. When the light dims, the audience meets the invisible dance again within their own bodies. What remains varies by viewer.

Director's Intent
Though I have danced for a long time, I still face the same questions: What is dance? What is performance? Does moving the body make it dance? What remains after the dance disappears?
  This time, rather than providing answers, I wanted to unfold these questions with the audience. Instead of completing a fixed dance, I chose to present various attempts and experiments on stage. In this sense, the work is close to an experimental lecture performance.
  Starting from the stage and audience breathing together, it unravels and re-examines accumulated movements and memories. Difficult-to-coexist elements such as tradition and present, seeing and experiencing, life and disappearance are placed side by side without forcing alignment.
  The body changes over time. I cannot perform the same dance as ten years ago. Yet the changed body has a changed dance. I wanted to view this discrepancy not as loss but as another form of coexistence.
  Performance is inherently contradictory. Though danced by living bodies, the dance soon disappears and remains only as memory after it ends. I wanted to reveal rather than hide this contradiction, believing it to be the essence of performance.

Planning Intent
A performance meets the audience briefly after long preparation and then disappears. This work starts from viewing that disappearance not as regret but as a unique characteristic of performance.
  Therefore, this performance opens as a place to share the process and experiments with the audience rather than showing a completed result. It uses not only dance but also speech, sound, light, and darkness, and sometimes scenes open with audience participation. The name experimental lecture performance signals that this is a place to question and experience together rather than simply appreciate a well-structured dance.
  The focus is on density possible only in a small, intimate black box theater rather than large scale. The structure allows each audience member to experience the performance from their own seat with different distances and senses in a close stage-audience setting. Incompatible Coexistence continues Ubomanri's work redefining the relationship between stage and audience and proposes another way for contemporary dance to meet audiences.

Choreographer Introduction
Choreographer Jo In-ho
Jo In-ho is a choreographer exploring between tradition and contemporary through dance. Based on Korean dance, he unravels traditional dance structures and expands the aesthetics of breath, space, body, and relationships to today's stage. Based on the idea that ""movement creates space, and space creates movement,"" he works within contrasts of stillness and motion, visible and invisible. He earned a PhD researching mathematical concepts such as topology and Riemannian geometry applied to choreography and space.

Leading Ubomanri, he has presented works including Taxidermy, Stranger, Labor, KNOCK, and Hanok in a Western Theater. He served as assistant director for choreography at the 2018 PyeongChang Winter Olympics opening and closing ceremonies and received Bilbao Act Festival Best Performer, 3rd Seoul Arts Award Porsche Frontier, among others. He is currently resident choreographer at Gyeonggi Dance Company and teaches at Korea National University of Arts and the Traditional Arts Institute.

Company Introduction
Ubomanri (牛步萬里), founded in 2016, is an independent dance company valuing accumulation and observation over rapid results. Based on traditional Korean dance breath and structure, it unravels and reconstructs to create new languages of body, space, and relationships. It has presented works including Taxidermy, Banghachak, Stranger, Labor, KNOCK, and Hanok in a Western Theater. Since 2022, it has expanded dance language through collaborations with artists in music, installation, video, and lighting. Continuing its work redefining stage-audience relations and treating space as part of choreography, it presents Incompatible Coexistence.",translated,true,proper_name_or_title;mixed_language;long_text;model_retry,5f4cc33498f3dde8e1f70e8f32fa0479e4783f0060ec3b117bd307d7a417b344,false
portfolio-en-20260806T140416Z,ece1e313-3243-4eec-9133-411c2cac032c:works:0:credits:0,ece1e313-3243-4eec-9133-411c2cac032c,company_work_credit,works[0].credits[0].role_en,role,출연,,Performance,translated,true,proper_name_or_title;glossary_reused,f8e28a7b1df75f3953dec5c7d9eddf6a6ae256f3a66d579d108e7443eeb973aa,false
portfolio-en-20260806T140416Z,ece1e313-3243-4eec-9133-411c2cac032c:works:0:credits:1,ece1e313-3243-4eec-9133-411c2cac032c,company_work_credit,works[0].credits[1].role_en,role,제작,,Production,translated,true,proper_name_or_title;glossary_reused,604e439decc1944bbc762895a6a3d779fa23bb9e29d4e2f2d64bc9ee646bc6e0,false
portfolio-en-20260806T140416Z,ece1e313-3243-4eec-9133-411c2cac032c:works:0:credits:2,ece1e313-3243-4eec-9133-411c2cac032c,company_work_credit,works[0].credits[2].role_en,role,안무 및 연출,,Choreography and Direction,translated,true,proper_name_or_title;model_retry,47b88f506d9c7cc3799d01988fa1db5c65f3d19393abf01019ce37e0344c7e94,false
portfolio-en-20260806T140416Z,ece1e313-3243-4eec-9133-411c2cac032c:works:0:credits:3,ece1e313-3243-4eec-9133-411c2cac032c,company_work_credit,works[0].credits[3].role_en,role,공동창작 및 출연,,Co-creation and Performance,translated,true,proper_name_or_title;Proper name or title,e8224139e00d075a4b2ded149b8414a6609de028346cbec84575b3e14d7b5e29,false
portfolio-en-20260806T140416Z,ece1e313-3243-4eec-9133-411c2cac032c:works:0:credits:5,ece1e313-3243-4eec-9133-411c2cac032c,company_work_credit,works[0].credits[5].role_en,role,무대감독,,Stage Manager,translated,true,proper_name_or_title;Role '무대감독' translated conservatively and marked for review.,3f6538875294b2672f476048f50c9ee292256719e061dc4a45c51ea5aa4d7822,false
portfolio-en-20260806T140416Z,ece1e313-3243-4eec-9133-411c2cac032c:works:0:credits:6,ece1e313-3243-4eec-9133-411c2cac032c,company_work_credit,works[0].credits[6].role_en,role,조명감독,,Lighting Director,translated,true,proper_name_or_title;abnormal_length_ratio;model_retry,d4fe268ce956119fe93661f2cb02dffb3d364569ebef9e388138f52fb1cc7cc6,false
portfolio-en-20260806T140416Z,ece1e313-3243-4eec-9133-411c2cac032c:works:0:credits:7,ece1e313-3243-4eec-9133-411c2cac032c,company_work_credit,works[0].credits[7].role_en,role,음향감독,,Sound Director,translated,true,proper_name_or_title;model_retry,1780be61982cc30722b260c988522c0575f01332970f6095126a23dae134916a,false
portfolio-en-20260806T140416Z,ece1e313-3243-4eec-9133-411c2cac032c:works:0:credits:8,ece1e313-3243-4eec-9133-411c2cac032c,company_work_credit,works[0].credits[8].role_en,role,그래픽디자인,,Graphic Design,translated,true,proper_name_or_title;model_retry,de5e4328ff346e7ace86e77d77bf2e38b1303a83be752bea35d82bda0bdc0c09,false
portfolio-en-20260806T140416Z,ece1e313-3243-4eec-9133-411c2cac032c:works:0:credits:9,ece1e313-3243-4eec-9133-411c2cac032c,company_work_credit,works[0].credits[9].role_en,role,기록,,Documentation,translated,true,proper_name_or_title;abnormal_length_ratio;model_retry,9f444e439dbe0eb5dd15269e8ca7b9169c0a2422cddb3b5039c06bf4f5f19ffd,false
portfolio-en-20260806T140416Z,ece1e313-3243-4eec-9133-411c2cac032c:works:0:credits:10,ece1e313-3243-4eec-9133-411c2cac032c,company_work_credit,works[0].credits[10].role_en,role,기획,,Planning,translated,true,proper_name_or_title;glossary_reused,bf058b341278ee5bf2d9813c22e986841ab041bd12d94ecb1960a364327eeb75,false
portfolio-en-20260806T140416Z,ece1e313-3243-4eec-9133-411c2cac032c:works:0:credits:11,ece1e313-3243-4eec-9133-411c2cac032c,company_work_credit,works[0].credits[11].role_en,role,공동기획,,Co-Planning,translated,true,proper_name_or_title;model_retry,65ae41ef5296fcef2552452bf6b4c2bef5cd2e333f5bdfdcd54f3787430eec28,false
portfolio-en-20260806T140416Z,ece1e313-3243-4eec-9133-411c2cac032c:works:0:credits:12,ece1e313-3243-4eec-9133-411c2cac032c,company_work_credit,works[0].credits[12].role_en,role,크레딧,,Credits,translated,true,proper_name_or_title;Proper name or title,20698624e3d1e1fd6221ded3ef5981b9f2d6e37a9226084ad59e909e4c73dd0d,false
portfolio-en-20260806T140416Z,ece1e313-3243-4eec-9133-411c2cac032c:works:1,ece1e313-3243-4eec-9133-411c2cac032c,company_work,works[1].title_en,title,숨의 항로,,Trajectory of Breath,translated,true,proper_name_or_title;model_retry,64dbba85ac6b4cfabfd906f039c027308a3e067a521c8d4f302f878ac5cd9c7b,false
portfolio-en-20260806T140416Z,ece1e313-3243-4eec-9133-411c2cac032c:works:1,ece1e313-3243-4eec-9133-411c2cac032c,company_work,works[1].description_en,description,"임학선댄스위 조인호 〈숨의 항로〉

Trajectory of Breath
2026.4.12(일) PM 7:30
아르코예술극장 대극장

안무의도
“불안은 오류가 아니라, 살아있음을 증명하는 진동이다.”
춤을 추며 살아오는 내내, 내 몸은 늘 미세하게 흔들리고 있었다. 완벽한 안정을 갈망할수록 발밑의 그림자는 더 짙어졌고, 끊임없이 떠밀려가야 하는 삶 속에서 나는 그 흔들림을 ‘없애야 할 오류’라고 여겼다. 보여져서는 안 되는 결함이라고 생각했다.

하지만 심장이 뛸 때 가슴이 진동하듯, 살아 있는 것은 본래 조금씩 흔들린다. 우리가 불안이라 부르는 것도 어쩌면, 멈춰 있던 생각과 삶의 틀을 조금 비틀어 다른 방향으로 나아가게 만드는 가장 원초적인 신호일지 모른다. 이 작품은 인간 생존의 가장 기초적인 행위인 ‘호흡’을 단순한 생리 현상이 아니라, 자아와 세계가 서로 스치고 부딪히는 역동적인 길(航路)로 바라보며 풀어낸다.

작품 〈숨의 항로〉는 그 흔들림과 진동을 기꺼이 인정하는 데서 출발한다. 무거운 침묵에서 시작해, 뜨거운 숨의 축제로 번져가는 시간을 있는 그대로의 몸으로 견디고 통과해 본다. 타인의 시선에 떠밀려 부유하던 시간에서 벗어나, 현실의 바닥과 맞닥뜨리며 잃었던 실존의 감각을 되찾는 여정이다. 불안을 억누르지 않고 품은 채, 각자의 자리에서 다시 숨을 내쉬며 앞으로 나아가는 우리 모두의 항로를 무대 위에 비춘다.

작품내용
작품은 내면의 깊은 곳에서 출발해, 세상과 공명하며 나아가는 호흡의 세 가지 파동을 그린다.

제1장. 상념에 부유하는 몸.
타인의 기준과 거대한 흐름에 휩쓸려 방향을 잃은 시간. 무대 한켠에는 잠시만 기대어 앉으면 마음이 가라앉을 것만 같은 자리가 조용히 놓여 있지만, 몸은 그 앞을 스치기만 할 뿐 쉽사리 머물지 못한다. 앉기만 하면 지금의 흔들림이 잠시 멎을 것 같으면서도, 발걸음은 다시 허공을 유영하듯 다른 곳으로 미끄러진다. 평온함처럼 보이는 표면 아래에는 말하지 못한 압박이 잠겨 있고, 서서히 피어오르는 기묘한 불안이 파편화된 생각처럼 몸을 흔들기 시작한다.

제2장. 마주한 실존, 날것의 호흡.
부유하던 관념의 거품이 터지고, 마침내 가장 차갑고 무거운 현실의 바닥과 맞부딪친다. 환상에서 깨어나 온전히 홀로 남겨진 시간. 헐떡이는 숨과 바닥을 밀어내는 몸부림 속에서, 가리지 않은 ‘진짜 나’의 얼굴과 마주한다. 살기 위해 토해내는 이 거친 호흡은, 스스로 땅을 딛고 일어서기 위한 정직한 몸의 반응이다.

제3장. 숨의 항로, 걸어 나가는 우리.
가장 낮은 곳에서의 치열한 직면은 끝내 새로운 몸을 연다. 바닥을 치고 올라온 혼자만의 고립된 숨결은, 어느새 곁에 있는 타인의 숨과 섞이고 연대하며 큰 흐름으로 번져간다. 불안은 더 이상 우리를 가라앉히는 것만은 아니다. 우리는 각자의 자리에서, 각자의 속도와 방향으로 기꺼이 흔들리며 나아간다. 그렇게 함께 내쉬는 뜨거운 호흡이 곧 우리가 걸어가야 할 ‘숨의 항로’가 된다.

안무·출연 조인호
성균관대학교 무용학과 박사 졸업
우보만리 대표
임학선댄스위 정단원
한국예술종합학교 무용원 실기과·전통예술원 출강
2025 제3회 서울예술상 ‘포르쉐 프런티어’
2025 제31회 무용예술상 ‘주목할만한 시선상’
2025 Spain Bilbao Act Festival ‘Best Performer’
2018 대한민국무용대상 ‘한국무용협회 이사장상’

주요 안무작
BIRTH, 서양극장 속 한옥, 공존, Knock, Holo_Sinawi, 노동, 이방인, 방하착",,"Im Hak-sun Dance Company Jo In-ho 〈Trajectory of Breath〉

Trajectory of Breath
April 12, 2026 (Sun) 7:30 PM
Arko Arts Theater, Grand Hall

Choreographic Intent
""Anxiety is not an error but a vibration proving life.""
Throughout my life as a dancer, my body has always trembled slightly. The more I longed for perfect stability, the darker the shadow beneath my feet became, and in a life where I must constantly be pushed forward, I regarded that trembling as an 'error to be eliminated.' I thought it was a flaw that should not be shown.

However, just as the chest vibrates when the heart beats, living beings naturally tremble slightly. What we call anxiety may be the most primal signal that twists stagnant thoughts and life frameworks to move in a different direction. This work views the most fundamental act of human survival, 'breathing,' not as a simple physiological phenomenon but as a dynamic path where self and world brush and collide.

The work Trajectory of Breath begins by willingly acknowledging that trembling and vibration. Starting from heavy silence, it endures and passes through time that spreads into a festival of hot breath with the body as it is. It is a journey to regain the lost sense of existence by confronting the ground of reality, escaping from time adrift under others' gaze. Without suppressing anxiety but embracing it, it reflects on stage the path of all of us who exhale again and move forward from our own places.

Work Description
The work depicts three waves of breath starting from deep within and resonating with the world.

Chapter 1. A body adrift in thoughts.
Time lost direction, swept by others' standards and massive flows. A quiet seat is placed on one side of the stage, seeming to calm the mind if one leans briefly, but the body only brushes past and does not stay easily. Though sitting seems to pause the current trembling, footsteps slip away as if swimming through the air. Beneath the seemingly calm surface lies unspoken pressure, and gradually rising strange anxiety begins to shake the body like fragmented thoughts.

Chapter 2. Facing existence, raw breath.
The bubble of drifting ideas bursts, finally colliding with the coldest and heaviest ground of reality. Awakening from illusion, left entirely alone. In gasping breath and struggling to push the ground away, one faces the unmasked 'real me.' This rough breath expelled to survive is the honest bodily response to stand on one's own feet.

Chapter 3. Trajectory of Breath, walking forward together.
The fierce confrontation at the lowest point opens a new body. The isolated breath that struck the ground mixes and allies with others' breaths nearby, spreading into a large flow. Anxiety no longer sinks us. We willingly tremble and move forward at our own pace and direction from our places. The hot breath we exhale together becomes the 'trajectory of breath' we must walk.

Choreography and Performance by Jo In-ho
PhD in Dance, Sungkyunkwan University
Representative of Ubomanri
Regular member of Im Hak-sun Dance Company
Lecturer at Korea National University of Arts, School of Dance and Traditional Arts Institute
2025 3rd Seoul Arts Award 'Porsche Frontier'
2025 31st Dance Arts Award 'Notable Gaze Award'
2025 Spain Bilbao Act Festival 'Best Performer'
2018 Korea Dance Awards 'Chairman Award of Korean Dance Association'

Major Choreographic Works
BIRTH, Hanok in a Western Theater, Coexistence, Knock, Holo_Sinawi, Labor, Stranger, Banghachak",translated,true,proper_name_or_title;mixed_language;long_text;model_retry,c3fc663fe3d911553d0004e71e96b1b005ff35a91a174bde78a1e9cf6d2398f6,false
portfolio-en-20260806T140416Z,ece1e313-3243-4eec-9133-411c2cac032c:works:1:credits:0,ece1e313-3243-4eec-9133-411c2cac032c,company_work_credit,works[1].credits[0].role_en,role,크레딧,,Credits,translated,true,proper_name_or_title;Proper name or title,20698624e3d1e1fd6221ded3ef5981b9f2d6e37a9226084ad59e909e4c73dd0d,false
portfolio-en-20260806T140416Z,ece1e313-3243-4eec-9133-411c2cac032c:works:2,ece1e313-3243-4eec-9133-411c2cac032c,company_work,works[2].title_en,title,서양극장 속 한옥 (확장/재공연판),,Hanok in a Western Theater (Expanded/Revival Version),translated,true,proper_name_or_title;model_retry,bec998dbabb725767d809a3dd3292cfb48fadef9162247b8fbe695aac11c442a,false
portfolio-en-20260806T140416Z,ece1e313-3243-4eec-9133-411c2cac032c:works:2,ece1e313-3243-4eec-9133-411c2cac032c,company_work,works[2].description_en,description,서양식 프로시니엄 무대에서 한옥의 공간적 특성과 한국 춤의 요소를 해체·변형·재배치한 전시와 공연 결합형 작품,,"A combined exhibition and performance work that deconstructs, transforms, and rearranges the spatial characteristics of hanok and elements of Korean dance on a Western-style proscenium stage.",translated,true,proper_name_or_title;model_retry,470c7d0d697eb6aac26df5b28c11bffe8ad24fef84fe66275e646bc0c9421370,false
portfolio-en-20260806T140416Z,ece1e313-3243-4eec-9133-411c2cac032c:works:2:credits:0,ece1e313-3243-4eec-9133-411c2cac032c,company_work_credit,works[2].credits[0].role_en,role,출연,,Performance,translated,true,proper_name_or_title;glossary_reused,f8e28a7b1df75f3953dec5c7d9eddf6a6ae256f3a66d579d108e7443eeb973aa,false
portfolio-en-20260806T140416Z,ece1e313-3243-4eec-9133-411c2cac032c:works:2:credits:1,ece1e313-3243-4eec-9133-411c2cac032c,company_work_credit,works[2].credits[1].role_en,role,크레딧,,Credits,translated,true,proper_name_or_title;Proper name or title,20698624e3d1e1fd6221ded3ef5981b9f2d6e37a9226084ad59e909e4c73dd0d,false
portfolio-en-20260806T140416Z,ece1e313-3243-4eec-9133-411c2cac032c:works:2:credits:2,ece1e313-3243-4eec-9133-411c2cac032c,company_work_credit,works[2].credits[2].role_en,role,무대,,Stage,translated,true,proper_name_or_title;Proper name or title,52717236c36eb897ae43d75c70a8a00d9c82d1e6671c8c4b62cdf8f7ecfe6dbc,false
portfolio-en-20260806T140416Z,ece1e313-3243-4eec-9133-411c2cac032c:works:2:credits:3,ece1e313-3243-4eec-9133-411c2cac032c,company_work_credit,works[2].credits[3].role_en,role,조명,,Lighting,translated,true,proper_name_or_title;Proper name or title,f0d5635c14a13ae24a6e61a1c0b99adac816517786ebad43f701a4e4327db394,false
portfolio-en-20260806T140416Z,ece1e313-3243-4eec-9133-411c2cac032c:works:2:credits:4,ece1e313-3243-4eec-9133-411c2cac032c,company_work_credit,works[2].credits[4].role_en,role,의상,,Costume,translated,true,proper_name_or_title;model_retry,474fd21a43fd4007c437825ed79b2a124668408c27621d3cbcf8e568c487e82c,false
portfolio-en-20260806T140416Z,ece1e313-3243-4eec-9133-411c2cac032c:works:2:credits:5,ece1e313-3243-4eec-9133-411c2cac032c,company_work_credit,works[2].credits[5].role_en,role,디자인,,Design,translated,true,proper_name_or_title;Proper name or title,c8d48670ffd26270d7ee96cf3783d68e60397d64e0a2135638c7d0bc4833c4d5,false
portfolio-en-20260806T140416Z,ece1e313-3243-4eec-9133-411c2cac032c:works:2:credits:6,ece1e313-3243-4eec-9133-411c2cac032c,company_work_credit,works[2].credits[6].role_en,role,사진,,Photography,translated,true,proper_name_or_title;Proper name or title;abnormal_length_ratio,4ca259867da34a3529730c1a4aa889b0cd66f13d911429ae4620f4ba2a673d03,false
portfolio-en-20260806T140416Z,ece1e313-3243-4eec-9133-411c2cac032c:works:2:credits:7,ece1e313-3243-4eec-9133-411c2cac032c,company_work_credit,works[2].credits[7].role_en,role,영상,,Video,translated,true,proper_name_or_title;Proper name or title,ab66a2ef05678da18021e4f755e53898648e7686cfabc936b68011c31e7cdc6b,false
portfolio-en-20260806T140416Z,ece1e313-3243-4eec-9133-411c2cac032c:works:2:credits:8,ece1e313-3243-4eec-9133-411c2cac032c,company_work_credit,works[2].credits[8].role_en,role,기획,,Planning,translated,true,proper_name_or_title;glossary_reused,bf058b341278ee5bf2d9813c22e986841ab041bd12d94ecb1960a364327eeb75,false
portfolio-en-20260806T140416Z,ece1e313-3243-4eec-9133-411c2cac032c:works:2:credits:9,ece1e313-3243-4eec-9133-411c2cac032c,company_work_credit,works[2].credits[9].role_en,role,안무,,Choreography,translated,true,proper_name_or_title;glossary_reused,488b69cfedefa3fdf7f4e33e83336121bac78e58bc1c6d5c2b52c0d84b2bead6,false
portfolio-en-20260806T140416Z,ece1e313-3243-4eec-9133-411c2cac032c:works:2:credits:10,ece1e313-3243-4eec-9133-411c2cac032c,company_work_credit,works[2].credits[10].role_en,role,음악,,Music,translated,true,proper_name_or_title;Proper name or title,fbfaf53d6f7edd91ac32431a256bf6deb1a12d459d7c8c4672f7b293807c4f3d,false
portfolio-en-20260806T140416Z,ece1e313-3243-4eec-9133-411c2cac032c:works:3,ece1e313-3243-4eec-9133-411c2cac032c,company_work,works[3].title_en,title,노동 (勞動),,Labor (勞動),translated,true,proper_name_or_title,b3db8f5e926bd9ee5e965fa6d41fb1b7ab56e65e24cbd94e95efd60a68982528,false
portfolio-en-20260806T140416Z,ece1e313-3243-4eec-9133-411c2cac032c:works:3:credits:0,ece1e313-3243-4eec-9133-411c2cac032c,company_work_credit,works[3].credits[0].role_en,role,크레딧,,Credits,translated,true,proper_name_or_title;Proper name or title,20698624e3d1e1fd6221ded3ef5981b9f2d6e37a9226084ad59e909e4c73dd0d,false
portfolio-en-20260806T140416Z,ece1e313-3243-4eec-9133-411c2cac032c:works:4,ece1e313-3243-4eec-9133-411c2cac032c,company_work,works[4].title_en,title,오직 나의 이름으로,,Only In My Name,translated,true,proper_name_or_title,9600c9e41f777ae6aa7879e814a3458a0b2db8c5ef815e5018d1f35f457f94ce,false
portfolio-en-20260806T140416Z,ece1e313-3243-4eec-9133-411c2cac032c:works:5,ece1e313-3243-4eec-9133-411c2cac032c,company_work,works[5].title_en,title,서양극장 속 한옥집,,A Hanok House in a Western Theater,translated,true,proper_name_or_title,4c1aa2e17ca69d0ce4451bd8ead2834a82d827cbd96325a4766bf527b0f4b8f4,false
portfolio-en-20260806T140416Z,ece1e313-3243-4eec-9133-411c2cac032c:works:5,ece1e313-3243-4eec-9133-411c2cac032c,company_work,works[5].description_en,description,2022 차세대열전 선정작,,Selected Work for 2022 Next Generation Series,translated,true,proper_name_or_title,e95bf4add685e7da8a90fe47242b144d9dd1961387b186dfa1687de7d423ce43,false
portfolio-en-20260806T140416Z,ece1e313-3243-4eec-9133-411c2cac032c:awards:0,ece1e313-3243-4eec-9133-411c2cac032c,company_awards,awards[0].title_en,title,주목할만한시선상 (제31회 무용예술상),,Notable Perspective Award (31st Dance Arts Awards),translated,true,proper_name_or_title,b4e727cf5c3a95a9fccbae31e4c3fcd1955fd932462ae0e6824cc8fa69b0cf18,false
portfolio-en-20260806T140416Z,ece1e313-3243-4eec-9133-411c2cac032c:awards:0,ece1e313-3243-4eec-9133-411c2cac032c,company_awards,awards[0].organization_en,organization,창무예술원 주최 / 무용월간 몸지 주관,,Hosted by Changmu Arts Institute / Organized by Dance Monthly Momji,translated,true,proper_name_or_title,58c32f29c29c1262a4749949ab6993ee860b4e8bb1df0ef1b16834778aef718c,false
portfolio-en-20260806T140416Z,ece1e313-3243-4eec-9133-411c2cac032c:awards:1,ece1e313-3243-4eec-9133-411c2cac032c,company_awards,awards[1].title_en,title,포르쉐 프런티어상 (무용 부문),,Porsche Frontier Award (Dance Category),translated,true,proper_name_or_title,f6e4bc022acfee7ddbc8b475a82b4cd87c504ba0ca23213d5e728a0acf983e6f,false
portfolio-en-20260806T140416Z,ece1e313-3243-4eec-9133-411c2cac032c:awards:1,ece1e313-3243-4eec-9133-411c2cac032c,company_awards,awards[1].organization_en,organization,"서울문화재단(SFAC) 주최, 제3회 서울예술상",,"Hosted by Seoul Foundation for Arts and Culture (SFAC), 3rd Seoul Arts Awards",translated,true,proper_name_or_title;mixed_language,d077d46c3f1bd7b3b6ce2d4e549bd9f682c4de98eba59b05dd4d0e75ae157c0c,false
portfolio-en-20260806T140416Z,f01cd417-e36c-48de-9649-9dc82e1d9ea5:works:0,f01cd417-e36c-48de-9649-9dc82e1d9ea5,company_work,works[0].title_en,title,감각의 분모,,Denominator of Sensation,translated,true,proper_name_or_title,fd8025f008e19939865fa075a45c9fe868c40a2e3c32803bf45eba6ed07b89ec,false
portfolio-en-20260806T140416Z,f01cd417-e36c-48de-9649-9dc82e1d9ea5:works:0,f01cd417-e36c-48de-9649-9dc82e1d9ea5,company_work,works[0].description_en,description,'2025 아르코 댄스 UP:RISE' 스테이지1 선정작. 청각의 부재를 전제로 감각의 본질을 탐구.,,'2025 Arko Dance UP:RISE' Stage 1 Selected Work. Explores the essence of sensation based on the premise of the absence of hearing.,translated,true,proper_name_or_title;mixed_language,9a2e9749878b61bb38a704ac9c6be463108e83f4ac882aa5678956757c250081,false
portfolio-en-20260806T140416Z,f01cd417-e36c-48de-9649-9dc82e1d9ea5:works:0:credits:0,f01cd417-e36c-48de-9649-9dc82e1d9ea5,company_work_credit,works[0].credits[0].role_en,role,연출,,Direction,translated,true,proper_name_or_title;glossary_reused,f312d250c0431a29bd220937ee85f971fd339c85a2ae3a5f9845b499a8f92a4e,false
portfolio-en-20260806T140416Z,f01cd417-e36c-48de-9649-9dc82e1d9ea5:works:0:credits:1,f01cd417-e36c-48de-9649-9dc82e1d9ea5,company_work_credit,works[0].credits[1].role_en,role,안무,,Choreography,translated,true,proper_name_or_title;glossary_reused,488b69cfedefa3fdf7f4e33e83336121bac78e58bc1c6d5c2b52c0d84b2bead6,false
portfolio-en-20260806T140416Z,f01cd417-e36c-48de-9649-9dc82e1d9ea5:works:0:credits:2,f01cd417-e36c-48de-9649-9dc82e1d9ea5,company_work_credit,works[0].credits[2].role_en,role,드라마투르그,,Dramaturg,translated,true,proper_name_or_title,e4b15274b69c3d4714726381d5be4d28713ae3ff982057728e350ddaac9cea38,false
portfolio-en-20260806T140416Z,f01cd417-e36c-48de-9649-9dc82e1d9ea5:works:0:credits:3,f01cd417-e36c-48de-9649-9dc82e1d9ea5,company_work_credit,works[0].credits[3].role_en,role,공동창작,,Co-creation,translated,true,proper_name_or_title,fd7a93a0fa1a6a8e67b786490ca90473c841aa5dca951354b994f93185323dee,false
portfolio-en-20260806T140416Z,f01cd417-e36c-48de-9649-9dc82e1d9ea5:works:0:credits:4,f01cd417-e36c-48de-9649-9dc82e1d9ea5,company_work_credit,works[0].credits[4].role_en,role,출연,,Performance,translated,true,proper_name_or_title;glossary_reused,f8e28a7b1df75f3953dec5c7d9eddf6a6ae256f3a66d579d108e7443eeb973aa,false
portfolio-en-20260806T140416Z,f01cd417-e36c-48de-9649-9dc82e1d9ea5:works:0:credits:5,f01cd417-e36c-48de-9649-9dc82e1d9ea5,company_work_credit,works[0].credits[5].role_en,role,디자인,,Design,translated,true,proper_name_or_title;Proper name or title,c8d48670ffd26270d7ee96cf3783d68e60397d64e0a2135638c7d0bc4833c4d5,false
portfolio-en-20260806T140416Z,f01cd417-e36c-48de-9649-9dc82e1d9ea5:works:0:credits:6,f01cd417-e36c-48de-9649-9dc82e1d9ea5,company_work_credit,works[0].credits[6].role_en,role,크레딧,,Credits,translated,true,proper_name_or_title;Proper name or title,20698624e3d1e1fd6221ded3ef5981b9f2d6e37a9226084ad59e909e4c73dd0d,false
portfolio-en-20260806T140416Z,f01cd417-e36c-48de-9649-9dc82e1d9ea5:works:0:credits:7,f01cd417-e36c-48de-9649-9dc82e1d9ea5,company_work_credit,works[0].credits[7].role_en,role,무대,,Stage,translated,true,proper_name_or_title;Proper name or title,52717236c36eb897ae43d75c70a8a00d9c82d1e6671c8c4b62cdf8f7ecfe6dbc,false
portfolio-en-20260806T140416Z,f01cd417-e36c-48de-9649-9dc82e1d9ea5:works:0:credits:8,f01cd417-e36c-48de-9649-9dc82e1d9ea5,company_work_credit,works[0].credits[8].role_en,role,제작,,Production,translated,true,proper_name_or_title;glossary_reused,604e439decc1944bbc762895a6a3d779fa23bb9e29d4e2f2d64bc9ee646bc6e0,false
portfolio-en-20260806T140416Z,f01cd417-e36c-48de-9649-9dc82e1d9ea5:works:0:credits:9,f01cd417-e36c-48de-9649-9dc82e1d9ea5,company_work_credit,works[0].credits[9].role_en,role,사진,,Photography,translated,true,proper_name_or_title;Proper name or title;abnormal_length_ratio,4ca259867da34a3529730c1a4aa889b0cd66f13d911429ae4620f4ba2a673d03,false
portfolio-en-20260806T140416Z,f01cd417-e36c-48de-9649-9dc82e1d9ea5:works:0:credits:10,f01cd417-e36c-48de-9649-9dc82e1d9ea5,company_work_credit,works[0].credits[10].role_en,role,영상,,Video,translated,true,proper_name_or_title;Proper name or title,ab66a2ef05678da18021e4f755e53898648e7686cfabc936b68011c31e7cdc6b,false
portfolio-en-20260806T140416Z,f01cd417-e36c-48de-9649-9dc82e1d9ea5:works:1,f01cd417-e36c-48de-9649-9dc82e1d9ea5,company_work,works[1].title_en,title,炳 밝을.병 身 몸.신: 넘어서는 의지,,炳 Bright. 病 Body. 神: Will to Transcend,translated,true,proper_name_or_title,83020a9ea553f60ffaaf9f72c2f182979d033db34304c8cf6330945d1bd0fbaa,false
portfolio-en-20260806T140416Z,f01cd417-e36c-48de-9649-9dc82e1d9ea5:works:1:credits:0,f01cd417-e36c-48de-9649-9dc82e1d9ea5,company_work_credit,works[1].credits[0].role_en,role,안무,,Choreography,translated,true,proper_name_or_title;glossary_reused,488b69cfedefa3fdf7f4e33e83336121bac78e58bc1c6d5c2b52c0d84b2bead6,false
portfolio-en-20260806T140416Z,f01cd417-e36c-48de-9649-9dc82e1d9ea5:works:1:credits:1,f01cd417-e36c-48de-9649-9dc82e1d9ea5,company_work_credit,works[1].credits[1].role_en,role,출연,,Performance,translated,true,proper_name_or_title;glossary_reused,f8e28a7b1df75f3953dec5c7d9eddf6a6ae256f3a66d579d108e7443eeb973aa,false
portfolio-en-20260806T140416Z,f01cd417-e36c-48de-9649-9dc82e1d9ea5:works:1:credits:2,f01cd417-e36c-48de-9649-9dc82e1d9ea5,company_work_credit,works[1].credits[2].role_en,role,음악,,Music,translated,true,proper_name_or_title;Proper name or title,fbfaf53d6f7edd91ac32431a256bf6deb1a12d459d7c8c4672f7b293807c4f3d,false
portfolio-en-20260806T140416Z,f01cd417-e36c-48de-9649-9dc82e1d9ea5:works:1:credits:3,f01cd417-e36c-48de-9649-9dc82e1d9ea5,company_work_credit,works[1].credits[3].role_en,role,의상,,Costume,translated,true,proper_name_or_title;model_retry,474fd21a43fd4007c437825ed79b2a124668408c27621d3cbcf8e568c487e82c,false
portfolio-en-20260806T140416Z,f01cd417-e36c-48de-9649-9dc82e1d9ea5:works:1:credits:4,f01cd417-e36c-48de-9649-9dc82e1d9ea5,company_work_credit,works[1].credits[4].role_en,role,수어통역,,Sign Language Interpretation,translated,true,proper_name_or_title;abnormal_length_ratio,aa37fe545204f51d3127345215e3a5e9363aa8f4a1d7f37d695196acb0be6174,false
portfolio-en-20260806T140416Z,f01cd417-e36c-48de-9649-9dc82e1d9ea5:works:1:credits:5,f01cd417-e36c-48de-9649-9dc82e1d9ea5,company_work_credit,works[1].credits[5].role_en,role,무대감독,,Stage Manager,translated,true,proper_name_or_title;Role '무대감독' translated conservatively and marked for review.,3f6538875294b2672f476048f50c9ee292256719e061dc4a45c51ea5aa4d7822,false
portfolio-en-20260806T140416Z,f01cd417-e36c-48de-9649-9dc82e1d9ea5:works:1:credits:6,f01cd417-e36c-48de-9649-9dc82e1d9ea5,company_work_credit,works[1].credits[6].role_en,role,조명감독,,Lighting Director,translated,true,proper_name_or_title;abnormal_length_ratio;model_retry,d4fe268ce956119fe93661f2cb02dffb3d364569ebef9e388138f52fb1cc7cc6,false
portfolio-en-20260806T140416Z,f01cd417-e36c-48de-9649-9dc82e1d9ea5:works:1:credits:7,f01cd417-e36c-48de-9649-9dc82e1d9ea5,company_work_credit,works[1].credits[7].role_en,role,사진촬영,,Photography,translated,true,proper_name_or_title,152075d6f9da1736bad44e2e43de88478af617d5dab342d1f787591618e36821,false
portfolio-en-20260806T140416Z,f01cd417-e36c-48de-9649-9dc82e1d9ea5:works:1:credits:8,f01cd417-e36c-48de-9649-9dc82e1d9ea5,company_work_credit,works[1].credits[8].role_en,role,영상촬영,,Video Filming,translated,true,proper_name_or_title,61674732654d24220438724f40d3da25c7cfb65bde204f8a9158bce04295550d,false
portfolio-en-20260806T140416Z,f01cd417-e36c-48de-9649-9dc82e1d9ea5:works:1:credits:9,f01cd417-e36c-48de-9649-9dc82e1d9ea5,company_work_credit,works[1].credits[9].role_en,role,홍보물,,Promotional Materials,translated,true,proper_name_or_title;abnormal_length_ratio,82d2a69b4d944386053819f0c15ff3fe655677152b4cb922cc0d4259965d3aa8,false
portfolio-en-20260806T140416Z,f01cd417-e36c-48de-9649-9dc82e1d9ea5:works:1:credits:10,f01cd417-e36c-48de-9649-9dc82e1d9ea5,company_work_credit,works[1].credits[10].role_en,role,추최.주관.제작.홍보,,"Hosted, Organized, Produced, Promoted",translated,true,proper_name_or_title,01f020c60439a49cae7fb82c0e0062d6fab573a5257b3a990da068dcda87baad,false
portfolio-en-20260806T140416Z,f01cd417-e36c-48de-9649-9dc82e1d9ea5:works:1:credits:11,f01cd417-e36c-48de-9649-9dc82e1d9ea5,company_work_credit,works[1].credits[11].role_en,role,후원,,Sponsor,translated,true,proper_name_or_title,5f0dd1bc53a2e22c7ef47c805b18c46f8713e961f9edd9eeebe80a060bfc82c2,false
portfolio-en-20260806T140416Z,f01cd417-e36c-48de-9649-9dc82e1d9ea5:works:2,f01cd417-e36c-48de-9649-9dc82e1d9ea5,company_work,works[2].title_en,title,숨의 무게,,Weight of Breath,translated,true,proper_name_or_title,e3beb4a93fba673b44f80474b2d5943a20cf1d27d85aec61f61e541f659c1bc8,false
portfolio-en-20260806T140416Z,f01cd417-e36c-48de-9649-9dc82e1d9ea5:works:2,f01cd417-e36c-48de-9649-9dc82e1d9ea5,company_work,works[2].description_en,description,제주 해녀의 숨과 삶을 통해 인간의 존재·계급·생존의 한계를 탐구,,"Exploring human existence, class, and the limits of survival through the breath and life of Jeju haenyeo divers",translated,true,proper_name_or_title,9f4c5788437a2e7fc24f3624e80e768048800ebde0b229286f3ca4a1a37661c1,false
portfolio-en-20260806T140416Z,f01cd417-e36c-48de-9649-9dc82e1d9ea5:works:3,f01cd417-e36c-48de-9649-9dc82e1d9ea5,company_work,works[3].description_en,description,"한국예술창작아카데미 '차세대열전 2016!' 최종공연, 서강대학교 메리홀 대극장 — 한국무용+서아프리카 민속춤 결합작",,Final performance of the Korea Arts Creation Academy 'Next Generation Spotlight 2016!' at Sogang University Mary Hall Grand Theater — a fusion of Korean Dance and West African folk dance,translated,true,proper_name_or_title,10abf7916a6dd590fbaa117f9b903bb987970800b5b37678db21d0d594f11db8,false
portfolio-en-20260806T140416Z,f01cd417-e36c-48de-9649-9dc82e1d9ea5:works:4,f01cd417-e36c-48de-9649-9dc82e1d9ea5,company_work,works[4].title_en,title,열두 개의 문,,Twelve Doors,translated,true,proper_name_or_title,5fcfddabc0fa3a4f076dc7113b1de4142f2464e5b65620f77b8a19910857f20e,false
portfolio-en-20260806T140416Z,f01cd417-e36c-48de-9649-9dc82e1d9ea5:works:4,f01cd417-e36c-48de-9649-9dc82e1d9ea5,company_work,works[4].description_en,description,고통스러운 시절을 지나온 존재들이 서로에게 문이 되어주는 이야기,,A story of beings who have endured painful times becoming doors to one another,translated,true,proper_name_or_title,b53d931b00ed81dc8b757770b2fb5cdf4261376fb5c648a8c5fd8284b08493be,false
portfolio-en-20260806T140416Z,a5c2ab21-49af-43e9-96ac-fbc4237b4a8e:core_values:0,a5c2ab21-49af-43e9-96ac-fbc4237b4a8e:core_values:0,company_core_value,core_values_en[0],core_value,무용단,,Dance Company,translated,true,abnormal_length_ratio,384e61d6fb1583a50951304eb5ced9c8ccf6db498b018af5523c2e073d77492e,false
portfolio-en-20260806T140416Z,a5c2ab21-49af-43e9-96ac-fbc4237b4a8e:works:0,a5c2ab21-49af-43e9-96ac-fbc4237b4a8e,company_work,works[0].title_en,title,심연,,Abyss,translated,true,proper_name_or_title,ad3bb21ca1b5e31094cbff32509b449181823607ada01017a50a07b1c5acf5c7,false
portfolio-en-20260806T140416Z,a5c2ab21-49af-43e9-96ac-fbc4237b4a8e:works:0,a5c2ab21-49af-43e9-96ac-fbc4237b4a8e,company_work,works[0].role_en,role,아티스트,,Artist,translated,true,proper_name_or_title,59e4694e19641f67b4ae2cffb19a7f0195fda1b676a53737dc573c05bcb02399,false
portfolio-en-20260806T140416Z,a5c2ab21-49af-43e9-96ac-fbc4237b4a8e:works:1,a5c2ab21-49af-43e9-96ac-fbc4237b4a8e,company_work,works[1].title_en,title,피안의 여행자들,,Travelers to the Other Shore,translated,true,proper_name_or_title,4dd5035d08426869613cbf71c1d044f0ccb93f93ee6375f67ba9dfa8a7ccbb8c,false
portfolio-en-20260806T140416Z,a5c2ab21-49af-43e9-96ac-fbc4237b4a8e:works:1,a5c2ab21-49af-43e9-96ac-fbc4237b4a8e,company_work,works[1].role_en,role,아티스트,,Artist,translated,true,proper_name_or_title,59e4694e19641f67b4ae2cffb19a7f0195fda1b676a53737dc573c05bcb02399,false
portfolio-en-20260806T140416Z,a5c2ab21-49af-43e9-96ac-fbc4237b4a8e:works:2,a5c2ab21-49af-43e9-96ac-fbc4237b4a8e,company_work,works[2].title_en,title,타오르는 삶,,Burning Life,translated,true,proper_name_or_title,d896a949abdf8961eedf1ae01be348cc76bab9d376d9f85b8e0fea737dab5a95,false
portfolio-en-20260806T140416Z,a5c2ab21-49af-43e9-96ac-fbc4237b4a8e:works:2,a5c2ab21-49af-43e9-96ac-fbc4237b4a8e,company_work,works[2].role_en,role,아티스트,,Artist,translated,true,proper_name_or_title,59e4694e19641f67b4ae2cffb19a7f0195fda1b676a53737dc573c05bcb02399,false
portfolio-en-20260806T140416Z,a5c2ab21-49af-43e9-96ac-fbc4237b4a8e:works:3,a5c2ab21-49af-43e9-96ac-fbc4237b4a8e,company_work,works[3].title_en,title,마음으로 읽는 역사: 유관순편,,Reading History with the Heart: Yu Gwan-sun Edition,translated,true,proper_name_or_title,054c8306970a0c93942c77bb80b18007e47c3df4bdffbe5e2a4c41a5c4ed0e81,false
portfolio-en-20260806T140416Z,a5c2ab21-49af-43e9-96ac-fbc4237b4a8e:works:3,a5c2ab21-49af-43e9-96ac-fbc4237b4a8e,company_work,works[3].role_en,role,아티스트,,Artist,translated,true,proper_name_or_title,59e4694e19641f67b4ae2cffb19a7f0195fda1b676a53737dc573c05bcb02399,false
portfolio-en-20260806T140416Z,a5c2ab21-49af-43e9-96ac-fbc4237b4a8e:works:4,a5c2ab21-49af-43e9-96ac-fbc4237b4a8e,company_work,works[4].title_en,title,스웨덴 커넥션Ⅱ,,Sweden Connection II,translated,true,proper_name_or_title,cecdc6211ed197dd54eb88e8d74c4c046762e7cf76b8752a599cc628b2521b35,false
portfolio-en-20260806T140416Z,a5c2ab21-49af-43e9-96ac-fbc4237b4a8e:works:4,a5c2ab21-49af-43e9-96ac-fbc4237b4a8e,company_work,works[4].role_en,role,아티스트,,Artist,translated,true,proper_name_or_title,59e4694e19641f67b4ae2cffb19a7f0195fda1b676a53737dc573c05bcb02399,false
portfolio-en-20260806T140416Z,a5c2ab21-49af-43e9-96ac-fbc4237b4a8e:works:5,a5c2ab21-49af-43e9-96ac-fbc4237b4a8e,company_work,works[5].title_en,title,춘천아트페스티벌,,Chuncheon Art Festival,translated,true,proper_name_or_title,80d8278cc400f7d89e877df9f0bb124255532cc8432540244ca0b72cb3e39948,false
portfolio-en-20260806T140416Z,a5c2ab21-49af-43e9-96ac-fbc4237b4a8e:works:5,a5c2ab21-49af-43e9-96ac-fbc4237b4a8e,company_work,works[5].role_en,role,아티스트,,Artist,translated,true,proper_name_or_title,59e4694e19641f67b4ae2cffb19a7f0195fda1b676a53737dc573c05bcb02399,false
portfolio-en-20260806T140416Z,a5c2ab21-49af-43e9-96ac-fbc4237b4a8e:works:6,a5c2ab21-49af-43e9-96ac-fbc4237b4a8e,company_work,works[6].title_en,title,침묵,,Silence,translated,true,proper_name_or_title,5ce001d16e143baae5be24f6ed2fd9615c3f3687e80d139ac17f0c806f3d82d9,false
portfolio-en-20260806T140416Z,a5c2ab21-49af-43e9-96ac-fbc4237b4a8e:works:6,a5c2ab21-49af-43e9-96ac-fbc4237b4a8e,company_work,works[6].role_en,role,아티스트,,Artist,translated,true,proper_name_or_title,59e4694e19641f67b4ae2cffb19a7f0195fda1b676a53737dc573c05bcb02399,false
portfolio-en-20260806T140416Z,a5c2ab21-49af-43e9-96ac-fbc4237b4a8e:works:7,a5c2ab21-49af-43e9-96ac-fbc4237b4a8e,company_work,works[7].title_en,title,회랑에서,,In the Corridor,translated,true,proper_name_or_title,8daba342708f1a9725965d91833fa04511cfa967851b26457ddacbe1fd181f70,false
portfolio-en-20260806T140416Z,a5c2ab21-49af-43e9-96ac-fbc4237b4a8e:works:7,a5c2ab21-49af-43e9-96ac-fbc4237b4a8e,company_work,works[7].role_en,role,아티스트,,Artist,translated,true,proper_name_or_title,59e4694e19641f67b4ae2cffb19a7f0195fda1b676a53737dc573c05bcb02399,false
portfolio-en-20260806T140416Z,a5c2ab21-49af-43e9-96ac-fbc4237b4a8e:works:8,a5c2ab21-49af-43e9-96ac-fbc4237b4a8e,company_work,works[8].title_en,title,총체성으로의 회귀,,Return to Totality,translated,true,proper_name_or_title,c3f7467d56028d6858f1e643ebc02a667aa7f32e3481b13ba4c900aaa16ce32f,false
portfolio-en-20260806T140416Z,a5c2ab21-49af-43e9-96ac-fbc4237b4a8e:works:8,a5c2ab21-49af-43e9-96ac-fbc4237b4a8e,company_work,works[8].role_en,role,아티스트,,Artist,translated,true,proper_name_or_title,59e4694e19641f67b4ae2cffb19a7f0195fda1b676a53737dc573c05bcb02399,false
portfolio-en-20260806T140416Z,76e7fad7-98aa-45b0-9663-47c09e8fc865,76e7fad7-98aa-45b0-9663-47c09e8fc865,company,bio_en,bio,"고블린파티는 소도구와 놀이를 기반으로 전통 소재를 해체·재구성하며 해학과 익살, 아크로배틱한 몸짓을 선보이는 공연 예술 단체입니다. 대표작 〈옛날 옛적에〉는 양반의 전형을 익살로 해체한 작품으로 남미 순회공연에서도 사용되었습니다. 〈신선 (神仙)〉과 〈세일: 팝니다〉 등 다양한 작품을 통해 소도구와 생음악 기반의 이머시브 공연을 시도하고 있습니다.",,"Goblin Party is a performing arts group that deconstructs and reconstructs traditional themes based on props and play, presenting humor, wit, and acrobatic movements. Their representative work, ""Once Upon a Time,"" humorously deconstructs the archetype of the yangban and was also used in their South American tour. Through various works such as ""신선 (神仙)"" and ""세일: 팝니다,"" they attempt immersive performances based on props and live music.",translated,true,proper_name_or_title; personal name or title review needed for 'Goblin Party' and works,85ac247b9442336e9df516e3598d1ebe5d35130c7f5f1d2c5dc14c4d624bd8c4,false
portfolio-en-20260806T140416Z,76e7fad7-98aa-45b0-9663-47c09e8fc865:works:0,76e7fad7-98aa-45b0-9663-47c09e8fc865,company_work,works[0].title_en,title,귀문(鬼門): 누구나 드나드는 문,,Gwimun (鬼門): A Door Anyone Can Enter,translated,true,proper_name_or_title,b94db38f5141cfb45bfaa6af4bc3030eec8a78ef4a22a57d691c95d33a0f5690,false
portfolio-en-20260806T140416Z,76e7fad7-98aa-45b0-9663-47c09e8fc865:works:0,76e7fad7-98aa-45b0-9663-47c09e8fc865,company_work,works[0].description_en,description,"비보이 그룹 갬블러크루와 협업, 2025 PAMS Choice 선정작
<갬블러크루 x 고블린파티>
악기와 춤, 소리와 몸짓이 서로를 향해 부딪히며 만들어내는 새로운 울림!
고블린파티와 갬블러크루가 함께 선보이는 신작 공연 《귀문》은,
‘누구나 드나드는 문’을 열고 관객을 또 다른 차원으로 이끄는 여정이다.

특히, 이번 협업은
한국 현대무용계에서 독자적인 언어를 구축해온 고블린파티와,
세계 무대에서 한국 스트릿댄스를 대표해온 갬블러크루의 만남이라는 점에서 큰 의미가 있다.
전혀 다른 두 무용 언어가 교차할 때,
관객은 기존의 틀을 넘어서는 낯선 충돌과 깊은 울림을 마주하게 될 것이다.

《귀문》은 화려함보다는 진정성과 사유를 전면에 내세운다.
무대 위 문은 경계의 상징이자,
동시에 관객에게 건네는 질문이다.

“당신에게 예술은 어떤 문인가?”

그 문을 통과하는 순간,
우리는 ‘낯설지만 친밀한’ 또 하나의 세계와 마주한다.",,"Collaboration with b-boy group Gambler Crew, selected for 2025 PAMS Choice
<Gambler Crew x Goblin Party>
A new resonance created as instruments, dance, sound, and gestures collide!
The new work ""Gwimun"" presented by Goblin Party and Gambler Crew opens the ""door anyone can enter"" and leads the audience on a journey to another dimension.

This collaboration is particularly significant as it brings together Goblin Party, which has established a unique language in Korean contemporary dance, and Gambler Crew, which represents Korean street dance on the global stage. When these two completely different dance languages intersect, the audience will encounter unfamiliar clashes and profound resonance beyond conventional frameworks.

""Gwimun"" emphasizes sincerity and reflection over spectacle. On stage, the door symbolizes boundaries and simultaneously poses a question to the audience.

""What kind of door is art to you?""

Upon passing through that door, we face another world that is ""strange yet intimate.""",translated,true,proper_name_or_title;mixed_language; mixed language; review of 'Gwimun' and 'Gambler Crew',00e3eefc7672fd0fb38c032bbe0f6a56054613660d1a07e5d32a421c66080706,false
portfolio-en-20260806T140416Z,76e7fad7-98aa-45b0-9663-47c09e8fc865:works:0,76e7fad7-98aa-45b0-9663-47c09e8fc865,company_work,works[0].role_en,role,안무,,Choreography,translated,true,proper_name_or_title;glossary_reused,fc760bfe9674222e793f49c638407f25fd5f3c2d2a182e9473fffc182c2eca08,false
portfolio-en-20260806T140416Z,76e7fad7-98aa-45b0-9663-47c09e8fc865:works:1,76e7fad7-98aa-45b0-9663-47c09e8fc865,company_work,works[1].title_en,title,세일: 팝니다 (Sale: 팝니다),,Sale: 팝니다 (Sale: For Sale),translated,true,proper_name_or_title;mixed_language; mixed_language,678fa65cc6cbccd48e1be9babe34760ed07b243cf03a8baecd9bc94de8ceffa4,false
portfolio-en-20260806T140416Z,76e7fad7-98aa-45b0-9663-47c09e8fc865:works:1,76e7fad7-98aa-45b0-9663-47c09e8fc865,company_work,works[1].description_en,description,"소도구+생음악 기반 이머시브 시도
2024 고블린파티 신작 [SALE]

무용을 판매합니다.
춤으로 만든 재주와 솜씨를 팝니다.
끊임없는 거래로 이루어진 일상,
무용도 별반 다르지 않게 생각과 감정을 거래합니다.

어렴풋한 생각의 퍼즐을 이리저리 조합하고 변형시켜
낯선 모습으로 다시 만든 순간들을 합리적인 가격에 구매하세요.
우리의 관심과 사랑으로 내놓은
소소한 움직임, 소리, 감촉 등등의 잡동사니들을
마음껏 가져가세요.

마지막 세일입니다.

<SALE>
* 대학로예술극장 소극장
* 2024.3.29(금)~3.30(토)
* 금요일 19:30 / 토요일 15:00
* 고블린파티_임진호 지경민 이경구
* 퍼커션_김현빈, 가야금_김민정.",,"An immersive attempt based on props and live music
2024 Goblin Party new work [SALE]

Selling dance.
Selling skills and craftsmanship made through dance.
Everyday life is made up of endless transactions,
and dance similarly trades thoughts and emotions.

Combine and transform vague puzzle pieces of thought,
and purchase moments remade into unfamiliar forms at reasonable prices.
Take freely the miscellany of small movements, sounds, textures, and more offered with our attention and love.

This is the final sale.

<SALE>
* Daehakro Arts Theater, Small Hall
* March 29 (Fri) – March 30 (Sat), 2024
* Fri 19:30 / Sat 15:00
* Goblin Party_Im Jin-ho, Ji Kyung-min, Lee Kyung-gu
* Percussion_Kim Hyun-bin, Gayageum_Kim Min-jung.",translated,true,proper_name_or_title;mixed_language; mixed_language; personal names for review,5b2c7c15db7dae89f5854231430352e0233679d5badfad8ac80471f38c44054f,false
portfolio-en-20260806T140416Z,76e7fad7-98aa-45b0-9663-47c09e8fc865:works:1:credits:0,76e7fad7-98aa-45b0-9663-47c09e8fc865,company_work_credit,works[1].credits[0].role_en,role,크레딧,,Credits,translated,true,proper_name_or_title;Proper name or title,20698624e3d1e1fd6221ded3ef5981b9f2d6e37a9226084ad59e909e4c73dd0d,false
portfolio-en-20260806T140416Z,76e7fad7-98aa-45b0-9663-47c09e8fc865:works:2,76e7fad7-98aa-45b0-9663-47c09e8fc865,company_work,works[2].title_en,title,솔직히 (Frankly),,Frankly (솔직히),translated,true,proper_name_or_title;mixed_language; mixed_language,2f51dfa2e632c8bc05446e04d06420c5bb9bb9acdd5c7e6f5b2bf7a23b8d4c65,false
portfolio-en-20260806T140416Z,76e7fad7-98aa-45b0-9663-47c09e8fc865:works:2,76e7fad7-98aa-45b0-9663-47c09e8fc865,company_work,works[2].description_en,description,"일본 케다고로와 한일 공동창작, ACC 국제공동 창·제작 사업 선정작",,"A Korea-Japan co-creation with Japan's Kedadoro, selected for ACC International Co-creation and Production Project",translated,true,proper_name_or_title;mixed_language; mixed_language; review of 'Kedadoro',118c5e36261f5745ea7a4292c695b971d7ea79ea8d20ef6ac2774b3b97d2bc8e,false
portfolio-en-20260806T140416Z,76e7fad7-98aa-45b0-9663-47c09e8fc865:works:3,76e7fad7-98aa-45b0-9663-47c09e8fc865,company_work,works[3].title_en,title,신선 (神仙),,신선 (神仙),translated,true,proper_name_or_title,f8e7e370c7bd5507b1c17b6b6ee9bdf7ca1954cfd8916073971e80ff68bd43fd,false
portfolio-en-20260806T140416Z,76e7fad7-98aa-45b0-9663-47c09e8fc865:works:3,76e7fad7-98aa-45b0-9663-47c09e8fc865,company_work,works[3].description_en,description,"술(酒)을 소재로 한 한국무용
국립무용단 X 고블린파티 < 신선 >

2022년 국립무용단과 함께한 <신선>이
올해 1시간 버전으로 확장되어 재공연됩니다.
다시 함께하게 되어 감사하고 기쁜 마음입니다.

🍶
“받으시오. 받으시오. 이 술 한 잔을 받으시오.”
권주가에 맞춰 현세의 걱정을 잊고 오직 춤에 심취한 신선들의 놀음이 펼쳐진다. 취한 듯 비틀대면서도 균형을 찾아가는 이들의 몸짓은 한국무용 특유의 어르고 푸는 움직임과 맞닿아 있다. 신선으로 재탄생한 무용수들의 정중동과 동중정을 오가는 춤사위는 관객의 취흥을 돋워 불현듯 춤에 취하게 한다.

🌬️
2024.6.27 | 6.29
목 19:30 | 토 15:00
국립극장 달오름극장",,"Korean Dance based on the theme of alcohol
National Dance Company of Korea X Goblin Party <신선>

The 2022 production <신선> with the National Dance Company of Korea
will be revived this year in an expanded one-hour version.
We are grateful and delighted to reunite.

🍶
""Receive, receive this cup of alcohol.""
Following the drinking song, the immortal beings forget worldly worries and immerse themselves solely in dance. Their movements, staggering as if intoxicated yet seeking balance, connect with the unique soothing and releasing motions of Korean dance. The dancers reborn as immortals perform a dance that moves between stillness and motion, stirring the audience's excitement and suddenly intoxicating them with dance.

🌬️
June 27 | June 29, 2024
Thu 19:30 | Sat 15:00
National Theater, Daloreum Theater",translated,true,proper_name_or_title;mixed_language; mixed_language,bc514bc615f7146c3318dd0d83466c40ad904906b7990863d8bb4c4d9473ace1,false
portfolio-en-20260806T140416Z,76e7fad7-98aa-45b0-9663-47c09e8fc865:works:3,76e7fad7-98aa-45b0-9663-47c09e8fc865,company_work,works[3].role_en,role,안무,,Choreography,translated,true,proper_name_or_title;glossary_reused,fc760bfe9674222e793f49c638407f25fd5f3c2d2a182e9473fffc182c2eca08,false
portfolio-en-20260806T140416Z,76e7fad7-98aa-45b0-9663-47c09e8fc865:works:3:credits:0,76e7fad7-98aa-45b0-9663-47c09e8fc865,company_work_credit,works[3].credits[0].role_en,role,안무,,Choreography,translated,true,proper_name_or_title;glossary_reused,488b69cfedefa3fdf7f4e33e83336121bac78e58bc1c6d5c2b52c0d84b2bead6,false
portfolio-en-20260806T140416Z,76e7fad7-98aa-45b0-9663-47c09e8fc865:works:3:credits:1,76e7fad7-98aa-45b0-9663-47c09e8fc865,company_work_credit,works[3].credits[1].role_en,role,출연,,Performance,translated,true,proper_name_or_title;glossary_reused,f8e28a7b1df75f3953dec5c7d9eddf6a6ae256f3a66d579d108e7443eeb973aa,false
portfolio-en-20260806T140416Z,76e7fad7-98aa-45b0-9663-47c09e8fc865:works:3:credits:2,76e7fad7-98aa-45b0-9663-47c09e8fc865,company_work_credit,works[3].credits[2].role_en,role,음악,,Music,translated,true,proper_name_or_title;Proper name or title,fbfaf53d6f7edd91ac32431a256bf6deb1a12d459d7c8c4672f7b293807c4f3d,false
portfolio-en-20260806T140416Z,76e7fad7-98aa-45b0-9663-47c09e8fc865:works:3:credits:3,76e7fad7-98aa-45b0-9663-47c09e8fc865,company_work_credit,works[3].credits[3].role_en,role,조명,,Lighting,translated,true,proper_name_or_title;Proper name or title,f0d5635c14a13ae24a6e61a1c0b99adac816517786ebad43f701a4e4327db394,false
portfolio-en-20260806T140416Z,76e7fad7-98aa-45b0-9663-47c09e8fc865:works:3:credits:4,76e7fad7-98aa-45b0-9663-47c09e8fc865,company_work_credit,works[3].credits[4].role_en,role,의상,,Costume,translated,true,proper_name_or_title;model_retry,474fd21a43fd4007c437825ed79b2a124668408c27621d3cbcf8e568c487e82c,false
portfolio-en-20260806T140416Z,76e7fad7-98aa-45b0-9663-47c09e8fc865:works:4,76e7fad7-98aa-45b0-9663-47c09e8fc865,company_work,works[4].title_en,title,옛날 옛적에,,Once Upon a Time,translated,true,proper_name_or_title,7eee4274b3d937da750094a96466869d417d1ff536fc168a0d5ea348198751b4,false
portfolio-en-20260806T140416Z,76e7fad7-98aa-45b0-9663-47c09e8fc865:works:4,76e7fad7-98aa-45b0-9663-47c09e8fc865,company_work,works[4].description_en,description,양반의 전형을 익살로 해체한 대표 레퍼토리,,A representative repertoire that humorously deconstructs the archetype of the yangban,translated,true,proper_name_or_title,17fdd251075e3f173b3fcff8849e1d14b2e2f6e9d4a9a0294543fd5555997894,false
portfolio-en-20260806T140416Z,76e7fad7-98aa-45b0-9663-47c09e8fc865:current_activity:1,76e7fad7-98aa-45b0-9663-47c09e8fc865:current_activity:1,company_current_activity,current_activity_en[1],current_activity,2025 PAMS Choice 선정작 《귀문(鬼門): 누구나 드나드는 문》,,"2025 PAMS Choice selected work ""Gwimun (鬼門): A Door Anyone Can Enter""",translated,true,mixed_language; proper_name_or_title,7827b52720f60b1c0b02e7df52cab0a9bb3a6e1543e87380facc362bf1b63184,false
portfolio-en-20260806T140416Z,f4fb131e-84e0-4f9f-880c-c29e39472478,f4fb131e-84e0-4f9f-880c-c29e39472478,company,bio_en,bio,"Breakthrough는 예술의 경계와 사회적 고정관념, 기술의 한계를 돌파하려는 단체입니다. 현대무용을 기반으로 브레이킹, 아크로바틱, 스트릿 등 다양한 신체 언어를 결합해 독창적인 움직임을 창출하고, 폭발적인 신체 에너지를 통해 동시대적 주제를 무대 위에서 풀어냅니다. 특히 〈Alpinist & Sherpa〉와 〈Pharmakos〉 같은 작품으로 주제 관통 오브제와 신체 상호작용을 탐구하고 있습니다.",,"Breakthrough is a group that aims to break through artistic boundaries, social stereotypes, and technological limits. Based on contemporary dance, it combines various physical languages such as breaking, acrobatics, and street dance to create original movements, expressing contemporary themes on stage through explosive physical energy. In particular, works like ""Alpinist & Sherpa"" and ""Pharmakos"" explore thematic objects and physical interactions.",translated,true,mixed_language; proper_name_or_title; review of 'Breakthrough' and works,6d91ae8c429fe992291f64a1b65ac582d90d639b783b006a853363a4ee6378b7,false
portfolio-en-20260806T140416Z,f4fb131e-84e0-4f9f-880c-c29e39472478:works:0,f4fb131e-84e0-4f9f-880c-c29e39472478,company_work,works[0].description_en,description,"춘천공연예술제
무용수의 움직임을 AI가 학습해 가상의 안무를 생성한 뒤, 그 결과물이 다시 무용수의 주체성과 충돌하는 과정을 다룬 실험작. 터치디자이너(TouchDesigner)로 실시간 움직임 추적·시각효과를 생성하고, 클링(Kling)·런웨이(Runway)로 AI 영상을 생성, 챗GPT로 텍스트 기반 안무 명령을 해석하는 복합미디어아트 퍼포먼스",,"Chuncheon Performing Arts Festival
An experimental work depicting the process where AI learns dancers' movements to generate virtual choreography, which then conflicts with the dancers' subjectivity. A complex multimedia art performance using TouchDesigner for real-time motion tracking and visual effects, Kling and Runway for AI video generation, and ChatGPT to interpret text-based choreography commands.",translated,true,proper_name_or_title;mixed_language;work title and proper names require review,bb49b11b95f34d08e7fca6909153250a4d5257c060a0fc0062bd1612aadcc94d,false
portfolio-en-20260806T140416Z,f4fb131e-84e0-4f9f-880c-c29e39472478:works:1,f4fb131e-84e0-4f9f-880c-c29e39472478,company_work,works[1].title_en,title,Baddha(받다),,Baddha(받다),translated,true,proper_name_or_title;mixed_language;work title with mixed language requires review,8ba1a6f0748deb97564da7783d5aea1a1b91d22b426b2b5e94e6e436a9ff7df4,false
portfolio-en-20260806T140416Z,f4fb131e-84e0-4f9f-880c-c29e39472478:works:1,f4fb131e-84e0-4f9f-880c-c29e39472478,company_work,works[1].description_en,description,제 2회 Physical Performance Festival,,The 2nd Physical Performance Festival,translated,true,proper_name_or_title;mixed_language;event title requires review,a665203b90fd4ede37e9f51256c1c7010e847c18e1fbf90b502e82f365fce5dd,false
portfolio-en-20260806T140416Z,f4fb131e-84e0-4f9f-880c-c29e39472478:works:2,f4fb131e-84e0-4f9f-880c-c29e39472478,company_work,works[2].description_en,description,"전주 예술 난장 차세대 연출가 기획공연
〈Kinesis〉는 생물학적 용어로, 생명체가 외부 자극에 반응하여 움직임의 빈도나 속도를 변화시키는 현상을 뜻한다.

온도, 습도, 빛과 같은 자극의 강도에 따라 생명체는 방향 없는 움직임을 반복하며, 자신에게 가장 적합한 환경을 찾아 생존을 도모한다. 이러한 ‘Kinesis’의 개념은 인간의 삶에도 깊이 스며 있다.

우리는 변화하는 환경과 시대의 흐름 속에서 끊임없이 도전과 선택을 반복하며, 적응과 창조를 통해 자신만의 흔적을 남긴다.

빠르게 변모하는 사회 속에서 우리는 직업, 인간관계, 정체성, 그리고 기술의 발전까지 수많은 외부 자극에 부딪힌다. 그 속에서 방향을 잃은 듯한 움직임을 이어가지만, 결국은 자신에게 가장 맞는 삶의 방식과 환경을 찾기 위해 몸부림친다.

〈Kinesis〉는 이 과정을 신체의 움직임으로 승화시켜 무대 위에 펼쳐낸다.

결국 〈Kinesis〉는 묻는다.

“우리가 남긴 흔적, 우리가 만들어낸 파동, 그리고 우리가 맞이한 새로운 존재들 속에서, 당신은 어떤 움직임으로 존재를 증명할 것입니까?”",,"Jeonju Arts Festival Next Generation Director Planned Performance
<Kinesis> is a biological term referring to the phenomenon where living organisms change the frequency or speed of their movement in response to external stimuli.

Depending on the intensity of stimuli such as temperature, humidity, and light, living beings repeat undirected movements to find the most suitable environment for survival. This concept of 'Kinesis' is deeply embedded in human life.

We continuously face challenges and make choices amid changing environments and times, leaving our own traces through adaptation and creation.

In a rapidly transforming society, we encounter numerous external stimuli including jobs, relationships, identity, and technological advances. Though our movements may seem directionless, we struggle to find the way of life and environment best suited to us.

<Kinesis> sublimates this process into bodily movement presented on stage.

Ultimately, <Kinesis> asks:

""Among the traces we leave, the waves we create, and the new beings we encounter, with what movement will you prove your existence?""",translated,true,proper_name_or_title;mixed_language;long_text;work title and mixed language require review,455c0ce67f47016b6d524848a9172ae3fe26329205c38ff0ca1cc403f1e2f8d8,false
portfolio-en-20260806T140416Z,f4fb131e-84e0-4f9f-880c-c29e39472478:works:3,f4fb131e-84e0-4f9f-880c-c29e39472478,company_work,works[3].description_en,description,"연희예술극장 기획 공연

전주예술난장 차세대 연출가 백인근이 이끄는 브레이크스루의 작품. ‘키네시스(Kinesis)’는 생물체의 움직임은 자극의 강도에 따라 달라진다는 뜻의 생물학 용어다. 각자 고유의 ‘Kinesis’들이 만나 변화에 반응하는 생존을 위한 처절한 움직임. 설치 예술과 무용의 만남, Breakthrough만의 강렬한 에너지를 만나는 순간.",,"Yeonhui Arts Theater Planned Performance
A work by Breakthrough led by next-generation director Baek In-geun at Jeonju Arts Festival. 'Kinesis' is a biological term meaning that the movement of organisms varies according to the intensity of stimuli. Unique 'Kinesis' of each meets, resulting in desperate movements for survival responding to change. A moment to experience the intense energy unique to Breakthrough through the encounter of installation art and dance.",translated,true,proper_name_or_title;mixed_language;proper names and work title require review,587bb0e0cd6e3d739b2a278fbb6c2ca8dcc218a494925ae6b9f30cd601ae2fff,false
portfolio-en-20260806T140416Z,f4fb131e-84e0-4f9f-880c-c29e39472478:works:4,f4fb131e-84e0-4f9f-880c-c29e39472478,company_work,works[4].description_en,description,M극장 기획 공연,,M Theater Planned Performance,translated,true,proper_name_or_title;mixed_language;venue and event title require review,7362d53071e2fd3272c603dc1c14051fc27b1eb685a43d558478523ac7ee1998,false
portfolio-en-20260806T140416Z,f4fb131e-84e0-4f9f-880c-c29e39472478:works:5,f4fb131e-84e0-4f9f-880c-c29e39472478,company_work,works[5].description_en,description,Breakthrough 기획 댄스필름,,Breakthrough Planned Dance Film,translated,true,proper_name_or_title;mixed_language;company name and event title require review,4148f6fc353566e59ae2308af4ecdf7abab730bb8dfc4acc8c61ea5af84b33b5,false
portfolio-en-20260806T140416Z,f4fb131e-84e0-4f9f-880c-c29e39472478:history:0,f4fb131e-84e0-4f9f-880c-c29e39472478,company_history,history[0].description_en,event,"춘천공연예술제 [Breakthrough] 축제극장 몸짓
제 3회 Physical Performance Festival [Pharmakos] 연희예술극장",,"Chuncheon Performing Arts Festival [Breakthrough] Festival Theater Gesture
The 3rd Physical Performance Festival [Pharmakos] Yeonhui Arts Theater",translated,true,mixed_language;mixed language and event titles require review,07becc44874edc868922d2cd9d3af63a9ce823fdb499bf275639fe0090ed8f38,false
portfolio-en-20260806T140416Z,f4fb131e-84e0-4f9f-880c-c29e39472478:history:1,f4fb131e-84e0-4f9f-880c-c29e39472478,company_history,history[1].description_en,event,"춘천공연예술제 [Beyond the Algorithm] 축제극장 몸짓
제 2회 Physical Performance Festival [Baddha(받다)] 지구인 극장
Breakthrough 기획 공연 [Kinesis] 춘천인형극장
2025년 올해의 강원예술인상 수상",,"Chuncheon Performing Arts Festival [Beyond the Algorithm] Festival Theater Gesture
The 2nd Physical Performance Festival [Baddha(받다)] Earthling Theater
Breakthrough Planned Performance [Kinesis] Chuncheon Puppet Theater
Recipient of the 2025 Gangwon Artist of the Year Award",translated,true,mixed_language;mixed language and event titles require review,ee6bf8e07d96b4eec4f9e8d41eac46df72b09edfadb10c29cff453f15758c254,false
portfolio-en-20260806T140416Z,f4fb131e-84e0-4f9f-880c-c29e39472478:history:2,f4fb131e-84e0-4f9f-880c-c29e39472478,company_history,history[2].description_en,event,전주 예술 난장 차세대 연출가 기획공연 [Kinesis] 전주 팔복동 일대,,Jeonju Arts Festival Next Generation Director Planned Performance [Kinesis] Around Jeonju Palbok-dong Area,translated,true,mixed_language;mixed language and event title require review,b72656cc0536fff75a7c6ba182efdea38b1a175bb0cea990358227448cdcbdd3,false
portfolio-en-20260806T140416Z,f4fb131e-84e0-4f9f-880c-c29e39472478:history:3,f4fb131e-84e0-4f9f-880c-c29e39472478,company_history,history[3].description_en,event,Breakthrough 기획 공연 [Pharmakos] 연희예술극장,,Breakthrough Planned Performance [Pharmakos] Yeonhui Arts Theater,translated,true,mixed_language;mixed language and event title require review,371ce0fd18dbb8d3e377c28e5b1a271ed8a80d8e36f010d266ae0d47aacb7b61,false
portfolio-en-20260806T140416Z,f4fb131e-84e0-4f9f-880c-c29e39472478:history:4,f4fb131e-84e0-4f9f-880c-c29e39472478,company_history,history[4].description_en,event,"Breakthrough 기획 공연 [Alpinist & Sherpa] M극장
M극장 베스트 레파토리 선정, 아트 트라이 앵글 초청 [Alpinist & Sherpa]",,"Breakthrough Planned Performance [Alpinist & Sherpa] M Theater
Selected as M Theater Best Repertoire, Invited to Art Tri Angle [Alpinist & Sherpa]",translated,true,mixed_language;mixed language and event titles require review,ada166cecf7a0ec0cc52d36b348ea2766ce3945e27d858cd1b68c9024c6826d9,false
portfolio-en-20260806T140416Z,f4fb131e-84e0-4f9f-880c-c29e39472478:history:5,f4fb131e-84e0-4f9f-880c-c29e39472478,company_history,history[5].description_en,event,"Breakthrough 창단
Breakthrough 기획 댄스필름 [Peter pan Effect]",,"Breakthrough Founded
Breakthrough Planned Dance Film [Peter pan Effect]",translated,true,mixed_language;company name and event title require review,e8191fcb33e076388ef0b8caf3af6388fcde3f029d113e01f4c008540746b265,false
portfolio-en-20260806T140416Z,f4fb131e-84e0-4f9f-880c-c29e39472478:awards:0,f4fb131e-84e0-4f9f-880c-c29e39472478,company_awards,awards[0].title_en,title,2025년 올해의 강원예술인상,,2025 Gangwon Artist of the Year Award,translated,true,proper_name_or_title;award title requires review,c00766ccec58ac1c06175b1d09e3ecdda629ba61278ba8e17e1a7b517420bf56,false
portfolio-en-20260806T140416Z,f4fb131e-84e0-4f9f-880c-c29e39472478:current_activity:1,f4fb131e-84e0-4f9f-880c-c29e39472478:current_activity:1,company_current_activity,current_activity_en[1],current_activity,춘천공연예술제 [Breakthrough] 축제극장 몸짓 (2026),,Chuncheon Performing Arts Festival [Breakthrough] Festival Theater Gesture (2026),translated,true,mixed_language;mixed language and event title require review,06d292cd18d87f52c6317a79810a34ad18702de66fdd6d75bc8c302fc1a5b1fa,false
portfolio-en-20260806T140416Z,f4fb131e-84e0-4f9f-880c-c29e39472478:current_activity:2,f4fb131e-84e0-4f9f-880c-c29e39472478:current_activity:2,company_current_activity,current_activity_en[2],current_activity,제 3회 Physical Performance Festival [Pharmakos] 연희예술극장 (2026),,The 3rd Physical Performance Festival [Pharmakos] Yeonhui Arts Theater (2026),translated,true,mixed_language;mixed language and event title require review,c5ff15f5c386ec71db5ceef07787264395125f96be5c47bf3f8cbedf051696e4,false
portfolio-en-20260806T140416Z,f4fb131e-84e0-4f9f-880c-c29e39472478:current_activity:3,f4fb131e-84e0-4f9f-880c-c29e39472478:current_activity:3,company_current_activity,current_activity_en[3],current_activity,춘천공연예술제 〈Breakthrough〉 축제극장 몸짓 (2026),,Chuncheon Performing Arts Festival <Breakthrough> Festival Theater Gesture (2026),translated,true,mixed_language;mixed language and event title require review,702a85b7677d72ef210443b6decd7973c0229727782c62efff2eb4a64d21bafd,false
portfolio-en-20260806T140416Z,f4fb131e-84e0-4f9f-880c-c29e39472478:current_activity:4,f4fb131e-84e0-4f9f-880c-c29e39472478:current_activity:4,company_current_activity,current_activity_en[4],current_activity,제 3회 Physical Performance Festival 〈Pharmakos〉 연희예술극장 (2026),,The 3rd Physical Performance Festival <Pharmakos> Yeonhui Arts Theater (2026),translated,true,mixed_language;mixed language and event title require review,bc97bd9c2c3381c06a76daeaa7c06073736f5268bb6022d876f636234200e160,false
